Class348_Sub40_Sub15,TextureOpConstantMonochrome
Class348_Sub40_Sub18,TextureOpConstantColour
Class348_Sub40_Sub19,TextureOpHorizontalGradient
Class348_Sub40_Sub4,TextureOpVerticalGradient
Class348_Sub40_Sub22,TextureOpBricks
Class348_Sub40_Sub37,TextureOpBlur
Class348_Sub40_Sub38,TextureOpClamp
Class348_Sub40_Sub16,TextureOpArithmetic
Class348_Sub40_Sub14,TextureOpCurve
Class348_Sub40_Sub7,TextureOpMirror
Class348_Sub40_Sub12,TextureOpGradient
Class348_Sub40_Sub26,TextureOpColourStrip
Class348_Sub40_Sub36,TextureOpDiagonalGradient
Class348_Sub40_Sub20,TextureOpPseudoRandomNoise
Class348_Sub40_Sub11,TextureOpWeave
Class348_Sub40_Sub5,TextureOpVoronoiNoise
Class348_Sub40_Sub2,TextureOpHerringbone
Class348_Sub40_Sub30,TextureOpHslAdjust
Class348_Sub40_Sub17_Sub1,TextureOpTilingSprite
Class348_Sub40_Sub6,TextureOpPolarDistortion
Class348_Sub40_Sub31,TextureOpTiling
Class348_Sub40_Sub27,TextureOpInterpolate
Class348_Sub40_Sub32,TextureOpInvert
Class348_Sub40_Sub33,TextureOpKaleidoscope
Class348_Sub40_Sub13,TextureOpGrayScale
Class348_Sub40_Sub1,TextureOpBrightness
Class348_Sub40_Sub3,TextureOpRangeThreshold
Class348_Sub40_Sub24,TextureOpSquareWaveform
Class348_Sub40_Sub23,TextureOpIrregularBricks
Class348_Sub40_Sub39,TextureOpRasterizer
Class348_Sub40_Sub10,TextureOpRange
Class348_Sub40_Sub25,TextureOpMandelbrot
Class348_Sub40_Sub35,TextureOpEmboss
Class348_Sub40_Sub34,TextureOpNormalMap
Class348_Sub40_Sub8,TextureOpPerlinNoise
Class348_Sub40_Sub9,TextureOpMonochromeEdgeDetector
Class348_Sub40_Sub29,TextureOpTextureSource
Class348_Sub40_Sub21,TextureOpWavyCross
Class348_Sub40_Sub28,TextureOpLineNoise
Class348_Sub40_Sub17,TextureOpSpriteSource
Class348_Sub42_Sub3,ByteArraySecondaryNode
Class308,LRUHashTable
Class356,HashTable
Class348,Node
Class348_Sub42,LinkedNode
Class107,SecondaryLinkedList
IndexedImage,IndexedImage
Class7,AwtFullscreenAdapter
Class323,WorldMapFont
Class279_Sub1,PcmPlayer_Sub1
Class201,FileCache
Class208,ClientStreamWriter
Class75,WorldMap
Class297,SignLink
Applet_Sub1,GameShell
Class274,LocalisedText
Class320,InterfaceList
Class294,AwtLoadingScreen
Class272_Sub2,ProxySocketFactory
Class55,Video
InputStream_Sub1,Whirlpool
Class348_Sub23_Sub4,OggKateStream
Class348_Sub43,MiniMenu
Class139,NPCList
Class31,HitmarkType
Class373_Sub2,MouseHandler
Class373_Sub1,MouseWheelHandler
Class9,HardwareToolkitLoader
Class96,DirectXToolkitFactory
Class144,SignLinkRequest
Class224,JavascriptBridge
Class234,FileOnDisk
Class296,Huffman
Class41,FaceNormal
Class78,BufferedFile
Class77,IsaacCipher
Class102,SimpleTile
Class236,ShapedTile
Class47,Clock
Class47_Sub1,MillisClock
Class47_Sub2,NanoClock
Class272,SocketFactory
Class272_Sub1,DirectSocketFactory
Class214,ArrayUtils
Class202,BufferedSocket
Class346,Keyboard
Class346_Sub1,AwtKeyboard
Class348_Sub11,KeyLogEntry
Class61,GlDisplayListSet
Class376,AsyncInputStream
Class165,CursorManager
Class348_Sub31_Sub1,BufferedImageSurface
Class348_Sub31_Sub2,ImageProducerSurface
Class344,AbstractByteArrayCopier
Class344_Sub1,DirectByteArrayCopier
Class137,ArchiveDisk
Class348_Sub42_Sub16_Sub2,ArchiveDiskAction
Class112,ArchiveDiskActionHandler
Class114,ServerPacket
Class351,ClientPacket
Class348_Sub49_Sub2,PacketBuffer
Class348_Sub47,PacketBufferNode
Class169,PingRequester
Class348_Sub26,PingRequest
Class66,ClientScriptInterpreter
Class64_Sub2,NativeModel
Class64_Sub3,OpenGLModel
Class237,MapRegion
Class237_Sub1,MapRegionBuilder
Class60,SoftLruCache
Class46,Widget
Class62,TimeUtils
Class273,ClientScriptTrigger
Class147,ChatLine
Class51,ObjectType
Class361,CollisionMap
Class348_Sub16,PcmStream
Class348_Sub19,AbstractSound
Class348_Sub19_Sub1,RawSound
Class348_Sub16_Sub5,RawPcmStream
Class348_Sub16_Sub4,PcmStreamMixer
Class348_Sub30,PcmStreamMixerListener
Class348_Sub42_Sub8,ReferenceNode
Class348_Sub42_Sub8_Sub1,SoftReferenceNode
Class348_Sub42_Sub8_Sub2,HardReferenceNode
Class230,ModeGame
Class364,GameBuild
Class74,ZoneUpdateType
Class221,HorizontalAlignment
Class341,VerticalAlignment
Class362,OverlayMessageRenderer
Class367_Sub11,UnderwaterShader
# Class57,DisplayMode  # collides with java.awt.DisplayMode
Class57,ClientDisplayMode
Class163,AudioResampler
Class238,Connection
Class238_Sub1,SocketConnection
Class316,IntHashTable
Class348_Sub23_Sub1,VorbisAudioStream
Class348_Sub23_Sub2,TheoraVideoStream
Class348_Sub23,OggStream
Class348_Sub23_Sub3,UnknownOggStream
Class101_Sub2,DirectXMatrix
Class101_Sub3,OpenGLMatrix
Class279,PcmPlayer
PcmPlayer_Sub1,JavaSoundPcmPlayer
Class279_Sub2,SignLinkPcmPlayer
Class40,BZip2State
Class118,ModelBillboard
Class212,BZip2Decompressor
Class249,TileRotation
Class276,VorbisMapping
Class293,ToolkitWorkerThread
Class317,SoundEffect
Class343,VorbisResidue
dxVertexLayout,DirectXVertexLayout
Class53,DirectXSwapChain
Class142,DirectXIndexBuffer
Class366,DirectXVertexBuffer
Class310,DirectXBaseTexture
Class310_Sub1,DirectXCubeTexture
Class310_Sub2,DirectXTexture2D
Class310_Sub3,DirectXVolumeTexture
Class370,VorbisCodebook
Class348_Sub42_Sub7,InvType
Class241,GameClock
Class241_Sub1,SafeTimeNanoClock
Class241_Sub2,JagmiscNanoClock
Class241_Sub3,SystemNanoClock
Class246_Sub1,SoftReferenceNodeFactory
Class345_Sub1,SoftReferenceCacheEntryConverter
Class371,OpenGLTextureFactory
Class256,ParticleEffectorTypeList
Class318_Sub5,OverheadText
Class348_Sub45_Sub2,MouseEventRecord
Class80,SynthInstrument
Class197,AudioEnvelope
Class349,AudioBiquadFilter
Class348_Sub45_Sub1,MouseWheelEventRecord
Class204,MidiFileParser
Class210,VorbisFloor
Class123,GlVertexAttribute
Class128,GameStateReset
Class329,PolygonScanlineFiller
Class374,RandomDatFile
Class1,DirectSoundAudioOutput
Class119,GlNativeHeapBuffer
Class134,DirectDrawDisplayModeManager
Class348_Sub42_Sub9_Sub2,SoftReferenceCacheEntry
Class372,NativeTextureCache
Class348_Sub39,WorldMapTileObjectList
Class348_Sub28,DeferredInterface19Node
Class367_Sub5,DirectXUnderwaterVertexShaderSet
Class367_Sub6,DirectXTransparentWaterVertexShader
Class367_Sub7,DirectXEnvironmentMappedWaterShader
Class145,GroundTileModel
Class266,GroundTilePaint
Class318_Sub8,WorldMapTileOverlay
Class328_Sub2_Sub1,FrameTimestampRing
Class348_Sub2,MidiSong
Class348_Sub25,AnimatedTexturePixels
Class257,NativeResourceDisposerQueue
Class28,ParamValueFormatter
Class348_Sub42_Sub1,ParamTable
Class348_Sub36,ClientScriptEvent
Class318_Sub1_Sub2_Sub1,GroundItemPile
Class258_Sub2,OpenGLCubeMapTexture
Class258_Sub4,OpenGLTexture1D
Class299_Sub1_Sub2,CubeMapRenderer
Class299_Sub1_Sub1,CubeMapTextureSource
Class83,WaterNoiseTextureSet
Class291,Js5Index
Class32,LinkedNodeHashTable
Class318,DoublyLinkedNode
Class243,NodeDeque
Class39,OpenGLResourceHandle
Class90,MapRegionDecoder
Class119_Sub2,NativeIndexBuffer
Class71,MovementAnimationSelector
Class303,InterfaceActionDispatcher
Class269,WaterNormalMapResources
Class348_Sub16_Sub2,PcmStreamQueue
Class285,OpenGLBuffer
Class285_Sub1,OpenGLVertexBuffer
Class285_Sub2,OpenGLIndexBuffer
Class348_Sub42_Sub9,ReferenceCacheEntry
Class348_Sub42_Sub9_Sub1,HardReferenceCacheEntry
Class138,ScriptVarType
Class318_Sub9_Sub2_Sub1,ParticleInstance
Class318_Sub1_Sub3_Sub1,GameObjectEntity
Class318_Sub1_Sub3_Sub2,AnimatedObjectEntity
Class318_Sub1_Sub4_Sub1,StaticObjectEntity
Class318_Sub1_Sub4_Sub2,DynamicObjectEntity
Class318_Sub1_Sub5_Sub1,WallObjectEntity
Class152,GzipDecompressor
Class240,TooltipRenderer
Class248,Js5NetQueue
Class258_Sub3,OpenGLTexture2D
Class275,SceneHeight
Class206,OpenGLFramebuffer
Class10,SoundEffectRequest
Class305,SkyBox
Class318_Sub1_Sub5_Sub2,AnimatedWallObjectEntity
Class318_Sub1,SceneGraphNode
Class348_Sub1,Light
Class242,OpenGLShader
Class337,OpenGLProgram
Class300,SkyBoxType
Class72,SkyBoxSphere
Class85,WhirlpoolDigest
Class250,AudioThread
Class229,GameClockFactory
Class70,TrigTables
Class73,BillboardTypeList
Class321,QuestType
Class93,OpenGLToolkitLoader
Class8,VertexNormalAccumulator
Class148,SceneEntityNode
Class357,SceneTile
Class132,LoginManager
Class113,ClientScriptResources
Class21,SpriteResources
Class115,HintIconGlobals
Class348_Sub35,IntNode
Class348_Sub50,StringNode
Class58,VertexLayout
Class149,CoordRotation
Class180,DirtyRectangles
Class332,DirtyRectangleUtil
Class336,RasterizerVerticalLine
Class220,SinCosTables256
Class348_Sub34,BitMasks
Class318_Sub9,DualNode
Class98,Base64
Class216,FloatGrid
Class328,ShaderAndClientScriptLoader
wa,NativeOffscreenSurface
h,NativeFontRenderer
n,NativePalettedFontRenderer
Class252,WorldMapElementList
Class348_Sub1_Sub3,MutableLight
Class225,BASType
Class42,MapElementType
Class34,IDKType
Class22,FloorUnderlayType
Class277,FloorOverlayType
Class222,CursorType
Class254,ParamType
Class368,GfxType
Class174,ParticleEffectorType
Class117,EnumType
Class146,VarBitType
Class159,VarPlayerType
Class160,VarcType
Class218,MapSceneType
Class253,LightType
Class26,SoundCache
Class348_Sub10,VorbisSample
Class348_Sub17,MusicPatch
Class23,MusicPatchNode2
Class348_Sub27,PendingSpawn
Class348_Sub42_Sub12,ChatMessage
Class348_Sub42_Sub13,ChatChannel
Class348_Sub42_Sub17,AnimFrames
Class348_Sub18,WorldMapSection
Class348_Sub42_Sub10,QuickChatPhraseType
Class348_Sub42_Sub11,QuickChatCatType
Class348_Sub22,NpcNode
Class359,LoginScreenResources
Class173,ByteArrayUtil
Class227,WindowMode
Class181,ParticleEmitterType
Class68,IndexElementType
Class325,VertexElementType
Class2,ModelWithShadow
Class30,BoundingCylinder
Class318_Sub10,ParticleSystem
Class348_Sub16_Sub1,MusicPatchPcmStream
Class348_Sub16_Sub3,MidiPcmStream
Class318_Sub1_Sub3_Sub3,Actor
Class348_Sub42_Sub2,OpenGLRenderbuffer
Class348_Sub42_Sub4,PcmBufferNode
Class348_Sub5_Sub1,BloomPostProcessor
Class258_Sub3_Sub1,OpenGLSubTexture2D
Class258_Sub1,OpenGLTexture3D
Class258,OpenGLTexture
Class318_Sub1_Sub3,SceneEntity
Class318_Sub1_Sub3_Sub4,GraphicsObject
Class318_Sub1_Sub3_Sub5,Projectile
Class282,ProjectileManager
Class348_Sub42_Sub18,ProjectileNode
Class348_Sub42_Sub6,GraphicsObjectNode
Class348_Sub42_Sub14,WorldMapArea
Class318_Sub9_Sub1,FriendLoginUpdate
Class348_Sub42_Sub15,DelayedStateChange
Class348_Sub9,AmbientSound
Class223,AmbientSoundManager
Class369,UiLayout
Class348_Sub41,MapRegionLoader
Class348_Sub42_Sub20,ParticleEffectorInstance
Class348_Sub7,ItemSpriteRequest
Class318_Sub9_Sub2,Particle
aa_Sub1,OpenGLSpriteMask
Class348_Sub48,ReflectionCheck
Class318_Sub6,ActorIconBounds
Class345,ReferenceCacheEntryConverter
Class348_Sub45,InputEventRecord
Class348_Sub37,TextureOpDecoder
Class348_Sub44,WidgetFlags
Class348_Sub21,WorldMapElementMarker
Class348_Sub15,VideoEntry
Class348_Sub46,EnumStringLookupEntry
Class348_Sub13,PlayerAppearance
Class348_Sub29,ShortNode
Class318_Sub4,ScenePickBuffer
Class125,TooltipLayout
Class348_Sub8,MidiNoteUsage
Class215,ClientCanvasResizer
Class55_Sub1,Js5VideoStream
Class59_Sub1_Sub1,TextureOpFactory
Class348_Sub14,TimedVarEntry
Class86,MapFlagGlobals
Class348_Sub12,WorldMapElementBounds
Class348_Sub32,OpenGLTerrainLight
Class348_Sub38,DirectXTerrainLight
Class348_Sub20,OpenGLTerrainLayer
Class348_Sub3,DirectXTerrainLayer
Class200,QuickChatResources
Class95,ConfigArchive
Class196,ToolkitState
Class231,ModeWhat
Class348_Sub1_Sub1,OpenGLLight
Class348_Sub1_Sub2,SafeModeLight
Class135_Sub1,OpenGLArrayBuffer
Class135_Sub2,OpenGLElementArrayBuffer
Class348_Sub49_Sub1,PacketWriter
Class119_Sub1,GlNativeHeapBufferHandle
Class348_Sub5,PostProcessor
Class246,ReferenceNodeFactory
Class373,MouseInputHandler
Class161,ServerEndpoint
Class286,OpenGLShaderEffect
Class367,DirectXShaderEffect
Class91,NpcUpdateSanityCheck
Class270,TileScale
Class81,ClientNetworkStats
Class304,TextureFormat
Class338,Occluder
Class76,ScenePickBufferQueue
Class156,SecondaryLinkedListIterator
za_Sub2,NativeHeapNode
Class14,OpenGLxTexture
Class14_Sub1,OpenGLxTexture2D
Class14_Sub2,OpenGLxCubeMapTexture
Class14_Sub3,OpenGLxTexture3D
Class14_Sub4,OpenGLxTextureRectangle
Class192,NativeIndexBufferCache
Class290,NativeVertexBufferCache
Class136,IndexGroupLoader
Class247,HslToRgb
Class295,TileRotation8x8
Class100,OpenGLWaterEffectManager
Class286_Sub1,OpenGLWaterVertexProgramEffect
Class286_Sub2,OpenGLNoLightingEffect
Class286_Sub4,OpenGLShoreWaterShaderEffect
Class286_Sub5,OpenGLWaterTexGenEffect
Class286_Sub6,OpenGLWaterShaderEffect
Class286_Sub7,OpenGLWaterNoiseEffect
Class286_Sub8,OpenGLEnvironmentMapEffect
Class286_Sub9,OpenGLSpecularCubeMapEffect
Class171,OpenGLArbProgram
Class299_Sub1,OpenGLCubeMapTextureProvider
Class299_Sub2,NativeCubeMapTextureProvider
Class299_Sub2_Sub1,NativeCubeMapTexture
Class92,NpcSpawnLoader
Class289,ClientConnectionKeepAlive
Class5,LoadingScreenOp
Class369_Sub2,LoadingScreenFillBarLayout
Class5_Sub2,LoadingScreenFillBarOp
Class369_Sub1,LoadingScreenSpriteBarLayout
Class5_Sub3,LoadingScreenSpriteBarOp
Class52,LoadingScreenSolidFillLayout
Class177,LoadingScreenSolidFillOp
Class288,LoadingScreenSpriteLayout
Class127,LoadingScreenSpriteOp
Class288_Sub1,LoadingScreenRotatingSpriteLayout
Class127_Sub1,LoadingScreenRotatingSpriteOp
Class158,LoadingScreenTextLayout
Class67,LoadingScreenTextOp
Class120,LoadingScreenFullscreenSpriteLayout
Class265,LoadingScreenFullscreenSpriteOp
Class369_Sub3,LoadingScreenFramedBarLayout
Class5_Sub1,LoadingScreenFramedBarOp
Class369_Sub3_Sub1,LoadingScreenScrollingBarLayout
Class5_Sub1_Sub1,LoadingScreenScrollingBarOp
Class333,HashTableIterator
Class179,StringArrayBuilder
Class339,NewsFetcher
Class140,CanvasLetterboxPainter
Class251,WidgetRedraw
Class205,RasterCircle
Class260,ClientStepUtil
Class283,RendererUpdateTracker
Class36,MapBuildProgressPhase
Class182,LoginTokenUtil
Class11,PlayerTintUtil
Class37,ByteArrayPool
Class306,SafeModeToolkitFactory
Class375,PlayerUpdateMaskParser
Class298,Pathfinding
Class155,WidgetActionPacketSender
Class172,MidiPcmStreamUtil
Class94,ClientTickTiming
Class328_Sub2,LoadStateRegistry
Class328_Sub3,DelayedStateChangeUtil
Class176,PacketBufferNodePool
Class63,ContextMenuLayout
Class131,ChatTagChars
Class209,MusicStreamGlobals
Class3,RendererReset
Class15,CharCountUtil
client,Client
Class16,SceneTilePlaneShift
za_Sub1,NativeHeapAllocator
r_Sub1,NativeToolkitAlphaMask
r_Sub2,OpenGLAlphaMask
Class328_Sub1,PlayerUpdateList
Class328_Sub1_Sub1,KeyLogPacket
Class331,CubeMapUtil
Class334,PlatformUtil
Class168,HotSpotDiagnosticBridge
Class69,SecondaryLinkedNodeUtil
Class313,LoadingScreenSpriteBarOpType
Class20,PacketConstants
Class29,IntKey
Class292,IndexProgressProvider
Class188,OpenGLNormalMapGenerator
Class178,ItemSearchUtil
Class301,PerlinNoiseUtil
Class157,CacheIndexCrcUtil
Class307,WorldMapStaticElementListLoader
Class327,SleepAndFileUtil
Class24,ClientCaches
Class363,PendingSpawnManager
Class75_Sub1,RenderGlobals
Class35,AudioSystemInit
Class116,ClientParameterGlobals
Class103,StructTypeSortUtil
Class245,DoublyLinkedNodeUtil
Class13,Js5ResourceProviders
Class43,ClientCookieUtil
Class135,OpenGLArbBufferObject
Class203,PacketBufferNodeFactory
Class284,RenderBenchmark
Class19,OverheadTextRenderer
Class186,OverheadTextTimeoutUtil
Class281,ClientStringPacketSender
Class352,GroundItemPileCache
Class302,ClientFrameUpdateUtil
Class318_Sub1_Sub1,FloorDecorationEntity
Class318_Sub1_Sub1_Sub1,AnimatedFloorDecorationEntity
Class318_Sub1_Sub1_Sub2,StaticFloorDecorationEntity
Class121,ToolkitMatrixInitializer
Class122,Cp1252Util
Class367_Sub3,DirectXRasterizerEffect
Class367_Sub10,DirectXMapEffect
Class193,PcmPlayerFactory
Class347,WidgetDragHandler
Class126,ParticleSystemKey
Class335,AmbientSoundUpdater
Class312,DequeIterator
Class330,NativeToolkitAlphaMaskManager
Class318_Sub1_Sub2,GroundItemPileEntity
Class348_Sub42_Sub16_Sub1,GmtDateFormatter
Class353,OpenGLTextureMipmapUtil
Class354,OpenGLTextureCache
Class299,InboundPacketBuffer
Class184,WorldListDecoder
Class108,GraphicsObjectUpdater
Class54,LobbyScreenEntry
Class99,WidgetAndChatUtil
Class104,OpenGLAlphaMaskManager
Class232,OpenGLAlphaMaskTile
Class195,LoadingScreenImpl
Class315,ToolkitWorkQueue
Class318_Sub1_Sub4,SceneObjectEntity
Class318_Sub1_Sub5,WallObjectEntityBase
Class367_Sub2,OpenGLTransparentWaterShader
Class367_Sub4,DirectXSpecularCubeMapEffect
Class367_Sub9,OpenGLEnvironmentMappedWaterShader
Class199,AwtLoadingBarRenderer
Class235,ObjectModelAnimator
Class186_Sub1,PerlinNoiseGenerator
Class233,OpenGLParticleRenderer
Class280,NativeParticleRenderer
Class190,SceneEnvironmentSettings
Class348_Sub42_Sub16,AsyncOperation
Class164,LoadStateProcessor
Class175,ReferenceCache
Class97,NativeAlphaMaskTile
Class18,OpenGLPostProcessingPipeline
Class154,PlayerModelOverrides
Class133,PlayerUpdateDecoder
Class50,RasterizerCommand
Class50_Sub1,RasterizerEllipseCommand
Class50_Sub2,RasterizerRectCommand
Class50_Sub3,RasterizerQuadCommand
Class50_Sub4,RasterizerLineCommand
Class211,SceneLightAnimator
Class286_Sub3,OpenGLWaterTurbulenceVertexProgramEffect
Class89,OpenGLShaderProgram
Class110,WorldListEntryBase
Class110_Sub1,WorldListEntry
Class59,PerlinNoiseGeneratorBase
Class59_Sub1,PerlinNoiseByteGenerator
Class59_Sub2,PerlinNoiseAccumulatorGenerator
Class59_Sub1_Sub2,PerlinNoiseStereoByteGenerator
Class59_Sub2_Sub1,PerlinNoiseTextureGenerator
Class59_Sub2_Sub2,Pathfinder
Class27,Base37Util
Class88,LoginHandshake
Class38,DevConsole
Class44,Cp1252ExtensionTable
Class48,LoginRequestSender
Class264,SmoothAngleInterpolator
Class309,ResourceDownloadTask
Class130,ClientGlobals
Class130_Sub1,ClientDebugCounters
Class151,MinimapSpriteUtil
Class228,NativeLibraryUnloadUtil
Class267,ResourceSlot
Class287,ClientHashAndSoundUtil
Class318_Sub2,ToolkitWorkItem
Class318_Sub7,ParticleEmitterInstance
Class367_Sub1,PerlinNoiseAndWidgetUtil
Class367_Sub8,ClientMiscUtil
aa,SpriteMask
aa_Sub2,NativeSpriteMask
aa_Sub3,JavaSpriteMask
ba,SafeModeAlphaMask
ja,NativeMatrix
na,SafeModeSpriteMask
xa,NativeDepthBuffer
ya,SafeModeHeap
za,ToolkitHeap
s_Sub2,OpenGLGround
s_Sub3,NativeToolkitGround
r,AlphaMask
t,SafeModeGround
p,SafeModeCanvasSurface
i,SafeModeModel
j,SafeModeSprite
a,SafeModeThreadContext
Option_Sub1,ClientOption01
Option_Sub2,ClientOption02
Option_Sub3,ClientOption03
Option_Sub4,ClientOption04
Option_Sub5,ClientOption05
Option_Sub6,ClientOption06
Option_Sub7,ClientOption07
Option_Sub8,ClientOption08
Option_Sub9,ClientOption09
Option_Sub10,ClientOption10
Option_Sub12,ClientOption12
Option_Sub13,ClientOption13
Option_Sub14,ClientOption14
Option_Sub15,ClientOption15
Option_Sub16,ClientOption16
Option_Sub17,ClientOption17
Option_Sub18,ClientOption18
Option_Sub19,ClientOption19
Option_Sub20,ClientOption20
Option_Sub21,ClientOption21
Option_Sub22,ClientOption22
Option_Sub23,ClientOption23
Option_Sub24,ClientOption24
Option_Sub25,ClientOption25
Option_Sub26,ClientOption26
Option_Sub27,ClientOption27
Option_Sub28,ClientOption28
Option_Sub29,ClientOption29
Callback_Sub1,Win32CursorCallback
Canvas_Sub1,GameCanvas
Exception_Sub1,ToolkitException
FontRenderer_Sub1,JavaMonochromeFontRenderer
FontRenderer_Sub2,NativeToolkitFontRenderer
FontRenderer_Sub3,JavaPaletteFontRenderer
FontRenderer_Sub4,JavaAlphaFontRenderer
FontRenderer_Sub5,OpenGLFontRenderer
IOException_Sub1,ProxyAuthenticationException
InputStream_Sub2,ZoneUpdateDecoder
OutputStream_Sub1,SceneViewportRenderer
OutputStream_Sub2,ScenePickBufferPool
RuntimeException_Sub1,TracedRuntimeException
Sprite_Sub1,NativeToolkitSprite
Sprite_Sub2,OpenGLToolkitSprite
Interface1,LoadingScreenElement
Interface2,GlArrayBuffer
Interface3,SpriteHandle
Interface5_Impl1,VertexBuffer
Interface5_Impl2,IndexBuffer
Interface5,GpuBuffer
Interface7,LoadProgressTask
Interface8,GlElementArrayBuffer
Interface9,FramebufferAttachment
Interface10,GroundAlphaMaskProjector
Interface11,Framebuffer
Interface12,LoadingScreenLayout
Interface13,DepthBuffer
Interface14,CacheKey
Interface15,ScriptVarFormatter
Interface17,VarDomain
Interface18_Impl1,GpuTexture3D
Interface18_Impl2,GpuCubeMapTexture
Interface18_Impl3,GpuTexture2D
Interface18,GpuTexture
Interface19,DisposableResource
Interface20,PcmPlayerBackend
Interface21,ClientScriptTriggerType
