old,new,phase,confidence,status,notes
Applet_Sub1,GameShell,core,high,approved,Imported from legacy classes map
Callback_Sub1,Win32CursorCallback,core,high,approved,Imported from legacy classes map
Canvas_Sub1,GameCanvas,core,high,approved,Imported from legacy classes map
Class1,DirectSoundAudioOutput,core,high,approved,Imported from legacy classes map
Class10,SoundEffectRequest,core,high,approved,Imported from legacy classes map
Class100,OpenGLWaterEffectManager,core,high,approved,Imported from legacy classes map
Class101,Matrix,core,high,approved,Imported from legacy classes map
Class101_Sub1,SoftwareMatrix,core,high,approved,Imported from legacy classes map
Class101_Sub2,DirectXMatrix,core,high,approved,Imported from legacy classes map
Class101_Sub3,OpenGLMatrix,core,high,approved,Imported from legacy classes map
Class102,SimpleTile,core,high,approved,Imported from legacy classes map
Class103,StructTypeSortUtil,core,high,approved,Imported from legacy classes map
Class104,OpenGLAlphaMaskManager,core,high,approved,Imported from legacy classes map
Class105,Sprite,core,high,approved,Imported from legacy classes map
Class105_Sub1,DirectXSprite,core,high,approved,Imported from legacy classes map
Class105_Sub2,OpenGLSprite,core,high,approved,Imported from legacy classes map
Class105_Sub3,SoftwareSprite,core,high,approved,Imported from legacy classes map
Class105_Sub3_Sub1,SoftwareSprite24,core,high,approved,Imported from legacy classes map
Class105_Sub3_Sub2,SoftwareIndexedSprite,core,high,approved,Imported from legacy classes map
Class105_Sub3_Sub3,SoftwareSprite32,core,high,approved,Imported from legacy classes map
Class106,LoadingScreenElementFactory,core,high,approved,Imported from legacy classes map
Class107,SecondaryNodeList,core,high,approved,Imported from legacy classes map
Class108,GraphicsObjectUpdater,core,high,approved,Imported from legacy classes map
Class109,SoftwareTriangleRasterizer,core,high,approved,Imported from legacy classes map
Class11,PlayerTintUtil,core,high,approved,Imported from legacy classes map
Class110,WorldListEntryBase,core,high,approved,Imported from legacy classes map
Class110_Sub1,WorldListEntry,core,high,approved,Imported from legacy classes map
Class111,LoadingScreenTypeList,core,high,approved,Imported from legacy classes map
Class112,ArchiveDiskActionHandler,core,high,approved,Imported from legacy classes map
Class113,ClientScriptResources,core,high,approved,Imported from legacy classes map
Class114,ServerPacket,core,high,approved,Imported from legacy classes map
Class115,HintIconGlobals,core,high,approved,Imported from legacy classes map
Class116,ClientParameterGlobals,core,high,approved,Imported from legacy classes map
Class117,EnumType,core,high,approved,Imported from legacy classes map
Class118,ModelBillboard,core,high,approved,Imported from legacy classes map
Class119,GlNativeHeapBuffer,core,high,approved,Imported from legacy classes map
Class119_Sub1,GlNativeHeapBufferHandle,core,high,approved,Imported from legacy classes map
Class119_Sub2,NativeIndexBuffer,core,high,approved,Imported from legacy classes map
Class12,TextureConfig,core,high,approved,Imported from legacy classes map
Class120,LoadingScreenFullscreenSpriteLayout,core,high,approved,Imported from legacy classes map
Class121,ToolkitMatrixInitializer,core,high,approved,Imported from legacy classes map
Class122,Cp1252Util,core,high,approved,Imported from legacy classes map
Class123,GlVertexAttribute,core,high,approved,Imported from legacy classes map
Class124,ModelData,core,high,approved,Imported from legacy classes map
Class125,TooltipLayout,core,high,approved,Imported from legacy classes map
Class126,ParticleSystemKey,core,high,approved,Imported from legacy classes map
Class127,LoadingScreenSpriteOp,core,high,approved,Imported from legacy classes map
Class127_Sub1,LoadingScreenRotatingSpriteOp,core,high,approved,Imported from legacy classes map
Class128,GameStateReset,core,high,approved,Imported from legacy classes map
Class129,ModelParticleEmitter,core,high,approved,Imported from legacy classes map
Class13,Js5ResourceProviders,core,high,approved,Imported from legacy classes map
Class130,ClientGlobals,core,high,approved,Imported from legacy classes map
Class130_Sub1,ClientDebugCounters,core,high,approved,Imported from legacy classes map
Class131,ChatTagChars,core,high,approved,Imported from legacy classes map
Class132,LoginManager,core,high,approved,Imported from legacy classes map
Class133,PlayerUpdateDecoder,core,high,approved,Imported from legacy classes map
Class134,DirectDrawDisplayModeManager,core,high,approved,Imported from legacy classes map
Class135,OpenGLArbBufferObject,core,high,approved,Imported from legacy classes map
Class135_Sub1,OpenGLArrayBuffer,core,high,approved,Imported from legacy classes map
Class135_Sub2,OpenGLElementArrayBuffer,core,high,approved,Imported from legacy classes map
Class136,IndexGroupLoader,core,high,approved,Imported from legacy classes map
Class137,ArchiveDisk,core,high,approved,Imported from legacy classes map
Class138,ScriptVarType,core,high,approved,Imported from legacy classes map
Class139,NPCList,core,high,approved,Imported from legacy classes map
Class14,OpenGLxTexture,core,high,approved,Imported from legacy classes map
Class140,CanvasLetterboxPainter,core,high,approved,Imported from legacy classes map
Class141,MapSceneTypeList,core,high,approved,Imported from legacy classes map
Class142,DirectXIndexBuffer,core,high,approved,Imported from legacy classes map
Class143,GameFontMetrics,core,high,approved,Imported from legacy classes map
Class144,SignLinkRequest,core,high,approved,Imported from legacy classes map
Class145,GroundTileModel,core,high,approved,Imported from legacy classes map
Class146,VarBitType,core,high,approved,Imported from legacy classes map
Class147,ChatLine,core,high,approved,Imported from legacy classes map
Class148,SceneEntityNode,core,high,approved,Imported from legacy classes map
Class149,CoordRotation,core,high,approved,Imported from legacy classes map
Class14_Sub1,OpenGLxTexture2D,core,high,approved,Imported from legacy classes map
Class14_Sub2,OpenGLxCubeMapTexture,core,high,approved,Imported from legacy classes map
Class14_Sub3,OpenGLxTexture3D,core,high,approved,Imported from legacy classes map
Class14_Sub4,OpenGLxTextureRectangle,core,high,approved,Imported from legacy classes map
Class15,CharCountUtil,core,high,approved,Imported from legacy classes map
Class150,IDKTypeList,core,high,approved,Imported from legacy classes map
Class151,MinimapSpriteUtil,core,high,approved,Imported from legacy classes map
Class152,GzipDecompressor,core,high,approved,Imported from legacy classes map
Class153,MapElementTypeList,core,high,approved,Imported from legacy classes map
Class154,PlayerModelOverrides,core,high,approved,Imported from legacy classes map
Class155,WidgetActionPacketSender,core,high,approved,Imported from legacy classes map
Class156,SecondaryNodeIterator,core,high,approved,Iterator over SecondaryNodeList nodes; statics moved to domain owners
Class157,CacheIndexCrcUtil,core,high,approved,Imported from legacy classes map
Class158,LoadingScreenTextLayout,core,high,approved,Imported from legacy classes map
Class159,VarPlayerType,core,high,approved,Imported from legacy classes map
Class16,SceneTilePlaneShift,core,high,approved,Imported from legacy classes map
Class160,VarcType,core,high,approved,Imported from legacy classes map
Class161,ServerEndpoint,core,high,approved,Imported from legacy classes map
Class162,ModelBillboardAttachment,core,high,approved,Imported from legacy classes map
Class163,AudioResampler,core,high,approved,Imported from legacy classes map
Class164,LoadStateProcessor,core,high,approved,Imported from legacy classes map
Class165,CursorManager,core,high,approved,Imported from legacy classes map
Class166,CursorTypeList,core,high,approved,Imported from legacy classes map
Class167,SoftwareRenderThreadContext,core,high,approved,Imported from legacy classes map
Class168,HotSpotDiagnosticBridge,core,high,approved,Imported from legacy classes map
Class169,PingRequester,core,high,approved,Imported from legacy classes map
Class17,SeqType,core,high,approved,Imported from legacy classes map
Class170,VarDomainImpl,core,high,approved,Imported from legacy classes map
Class171,OpenGLArbProgram,core,high,approved,Imported from legacy classes map
Class172,MidiPcmStreamUtil,core,high,approved,Imported from legacy classes map
Class173,ByteArrayUtil,core,high,approved,Imported from legacy classes map
Class174,ParticleEffectorType,core,high,approved,Imported from legacy classes map
Class175,ReferenceCache,core,high,approved,Imported from legacy classes map
Class176,PacketBufferNodePool,core,high,approved,Imported from legacy classes map
Class177,LoadingScreenSolidFillOp,core,high,approved,Imported from legacy classes map
Class178,ItemSearchUtil,core,high,approved,Imported from legacy classes map
Class179,StringArrayBuilder,core,high,approved,Imported from legacy classes map
Class18,OpenGLPostProcessingPipeline,core,high,approved,Imported from legacy classes map
Class180,DirtyRectangles,core,high,approved,Imported from legacy classes map
Class181,ParticleEmitterType,core,high,approved,Imported from legacy classes map
Class182,LoginTokenUtil,core,high,approved,Imported from legacy classes map
Class183,FloorUnderlayTypeList,core,high,approved,Imported from legacy classes map
Class184,WorldListDecoder,core,high,approved,Imported from legacy classes map
Class185,LightTypeList,core,high,approved,Imported from legacy classes map
Class186,OverheadTextTimeoutUtil,core,high,approved,Imported from legacy classes map
Class186_Sub1,PerlinNoiseGenerator,core,high,approved,Imported from legacy classes map
Class187,QuestTypeList,core,high,approved,Imported from legacy classes map
Class188,OpenGLNormalMapGenerator,core,high,approved,Imported from legacy classes map
Class189,BillboardType,core,high,approved,Imported from legacy classes map
Class19,OverheadTextRenderer,core,high,approved,Imported from legacy classes map
Class190,SceneEnvironmentSettings,core,high,approved,Imported from legacy classes map
Class191,IntImageCache,core,high,approved,Imported from legacy classes map
Class192,NativeIndexBufferCache,core,high,approved,Imported from legacy classes map
Class193,PcmPlayerFactory,core,high,approved,Imported from legacy classes map
Class194,VarBitTypeList,core,high,approved,Imported from legacy classes map
Class195,LoadingScreenImpl,core,high,approved,Imported from legacy classes map
Class196,ToolkitState,core,high,approved,Imported from legacy classes map
Class197,AudioEnvelope,core,high,approved,Imported from legacy classes map
Class198,TerrainTileMesh,core,high,approved,Imported from legacy classes map
Class199,AwtLoadingBarRenderer,core,high,approved,Imported from legacy classes map
Class2,ModelWithShadow,core,high,approved,Imported from legacy classes map
Class20,PacketConstants,core,high,approved,Imported from legacy classes map
Class200,QuickChatResources,core,high,approved,Imported from legacy classes map
Class201,FileCache,core,high,approved,Imported from legacy classes map
Class202,BufferedSocket,core,high,approved,Imported from legacy classes map
Class203,PacketBufferNodeFactory,core,high,approved,Imported from legacy classes map
Class204,MidiFileParser,core,high,approved,Imported from legacy classes map
Class205,RasterCircle,core,high,approved,Imported from legacy classes map
Class206,OpenGLFramebuffer,core,high,approved,Imported from legacy classes map
Class207,IndexedSprite,core,high,approved,Imported from legacy classes map
Class208,ClientStreamWriter,core,high,approved,Imported from legacy classes map
Class209,MusicStreamGlobals,core,high,approved,Imported from legacy classes map
Class21,SpriteResources,core,high,approved,Imported from legacy classes map
Class210,VorbisFloor,core,high,approved,Imported from legacy classes map
Class211,SceneLightAnimator,core,high,approved,Imported from legacy classes map
Class212,BZip2Decompressor,core,high,approved,Imported from legacy classes map
Class213,ItemType,core,high,approved,Imported from legacy classes map
Class214,ArrayUtils,core,high,approved,Imported from legacy classes map
Class215,ClientCanvasResizer,core,high,approved,Imported from legacy classes map
Class216,FloatGrid,core,high,approved,Imported from legacy classes map
Class217,VarPlayerTypeList,core,high,approved,Imported from legacy classes map
Class218,MapSceneType,core,high,approved,Imported from legacy classes map
Class219,HitmarkTypeList,core,high,approved,Imported from legacy classes map
Class22,FloorUnderlayType,core,high,approved,Imported from legacy classes map
Class220,SinCosTables256,core,high,approved,Imported from legacy classes map
Class221,HorizontalAlignment,core,high,approved,Imported from legacy classes map
Class222,CursorType,core,high,approved,Imported from legacy classes map
Class223,AmbientSoundManager,core,high,approved,Imported from legacy classes map
Class224,JavascriptBridge,core,high,approved,Imported from legacy classes map
Class225,BASType,core,high,approved,Imported from legacy classes map
Class226,QuickChatCatTypeList,core,high,approved,Imported from legacy classes map
Class227,WindowMode,core,high,approved,Imported from legacy classes map
Class228,NativeLibraryUnloadUtil,core,high,approved,Imported from legacy classes map
Class229,GameClockFactory,core,high,approved,Imported from legacy classes map
Class23,MusicPatchNode2,core,high,approved,Imported from legacy classes map
Class230,ModeGame,core,high,approved,Imported from legacy classes map
Class231,ModeWhat,core,high,approved,Imported from legacy classes map
Class232,OpenGLAlphaMaskTile,core,high,approved,Imported from legacy classes map
Class233,OpenGLParticleRenderer,core,high,approved,Imported from legacy classes map
Class234,FileOnDisk,core,high,approved,Imported from legacy classes map
Class235,ObjectModelAnimator,core,high,approved,Imported from legacy classes map
Class236,ShapedTile,core,high,approved,Imported from legacy classes map
Class237,MapRegion,core,high,approved,Imported from legacy classes map
Class237_Sub1,MapRegionBuilder,core,high,approved,Imported from legacy classes map
Class238,Connection,core,high,approved,Imported from legacy classes map
Class238_Sub1,SocketConnection,core,high,approved,Imported from legacy classes map
Class239,ClientPreference,core,high,approved,Imported from legacy classes map
Class239_Sub1,FlickeringEffectsPreference,core,high,approved,Imported from legacy classes map
Class239_Sub10,BrightnessPreference,core,high,approved,Imported from legacy classes map
Class239_Sub11,SafeModePreference,core,high,approved,Imported from legacy classes map
Class239_Sub12,BloomPreference,core,high,approved,Imported from legacy classes map
Class239_Sub13,IdleAnimationsPreference,core,high,approved,Imported from legacy classes map
Class239_Sub14,RoofsPreference,core,high,approved,Imported from legacy classes map
Class239_Sub15,ParticlesPreference,core,high,approved,Imported from legacy classes map
Class239_Sub16,FogPreference,core,high,approved,Imported from legacy classes map
Class239_Sub17,CpuUsagePreference,core,high,approved,Imported from legacy classes map
Class239_Sub18,WaterDetailPreference,core,high,approved,Imported from legacy classes map
Class239_Sub19,LoadingScreenPreference,core,high,approved,Imported from legacy classes map
Class239_Sub2,LowMemoryTextureResolutionPreference,core,high,approved,Imported from legacy classes map
Class239_Sub20,AntiAliasingPreference,core,high,approved,Imported from legacy classes map
Class239_Sub21,CharacterShadowsPreference,core,high,approved,Imported from legacy classes map
Class239_Sub22,CustomCursorsPreference,core,high,approved,Imported from legacy classes map
Class239_Sub23,ScreenSizePreference,core,high,approved,Imported from legacy classes map
Class239_Sub24,TexturesPreference,core,high,approved,Imported from legacy classes map
Class239_Sub25,GraphicsRendererPreference,core,high,approved,Imported from legacy classes map
Class239_Sub26,VolumePreference,core,high,approved,Imported from legacy classes map
Class239_Sub27,RenderAllLevelsPreference,core,high,approved,Imported from legacy classes map
Class239_Sub28,DynamicLightingPreference,core,high,approved,Imported from legacy classes map
Class239_Sub29,UnknownPreference29,core,high,approved,Imported from legacy classes map
Class239_Sub3,OrthographicModePreference,core,high,approved,Imported from legacy classes map
Class239_Sub4,GroundDecorationsPreference,core,high,approved,Imported from legacy classes map
Class239_Sub5,StereoSoundPreference,core,high,approved,Imported from legacy classes map
Class239_Sub6,BuildAreaPreference,core,high,approved,Imported from legacy classes map
Class239_Sub7,SceneryShadowsPreference,core,high,approved,Imported from legacy classes map
Class239_Sub8,WindowModePreference,core,high,approved,Imported from legacy classes map
Class239_Sub9,HighDetailRenderingPreference,core,high,approved,Imported from legacy classes map
Class24,ClientCaches,core,high,approved,Imported from legacy classes map
Class240,TooltipRenderer,core,high,approved,Imported from legacy classes map
Class241,GameClock,core,high,approved,Imported from legacy classes map
Class241_Sub1,SafeTimeNanoClock,core,high,approved,Imported from legacy classes map
Class241_Sub2,JagmiscNanoClock,core,high,approved,Imported from legacy classes map
Class241_Sub3,SystemNanoClock,core,high,approved,Imported from legacy classes map
Class242,OpenGLShader,core,high,approved,Imported from legacy classes map
Class243,LinkDeque,core,high,approved,Imported from legacy classes map
Class244,TextureProvider,core,high,approved,Imported from legacy classes map
Class245,DoublyLinkedNodeUtil,core,high,approved,Imported from legacy classes map
Class246,ReferenceNodeFactory,core,high,approved,Imported from legacy classes map
Class246_Sub1,SoftReferenceNodeFactory,core,high,approved,Imported from legacy classes map
Class247,HslToRgb,core,high,approved,Imported from legacy classes map
Class248,Js5NetQueue,core,high,approved,Imported from legacy classes map
Class249,TileRotation,core,high,approved,Imported from legacy classes map
Class25,SkyBoxSphereTypeList,core,high,approved,Imported from legacy classes map
Class250,AudioThread,core,high,approved,Imported from legacy classes map
Class251,WidgetRedraw,core,high,approved,Imported from legacy classes map
Class252,WorldMapElementList,core,high,approved,Imported from legacy classes map
Class253,LightType,core,high,approved,Imported from legacy classes map
Class254,ParamType,core,high,approved,Imported from legacy classes map
Class255,ItemTypeList,core,high,approved,Imported from legacy classes map
Class256,ParticleEffectorTypeList,core,high,approved,Imported from legacy classes map
Class257,NativeResourceDisposerQueue,core,high,approved,Imported from legacy classes map
Class258,OpenGLTexture,core,high,approved,Imported from legacy classes map
Class258_Sub1,OpenGLTexture3D,core,high,approved,Imported from legacy classes map
Class258_Sub2,OpenGLCubeMapTexture,core,high,approved,Imported from legacy classes map
Class258_Sub3,OpenGLTexture2D,core,high,approved,Imported from legacy classes map
Class258_Sub3_Sub1,OpenGLSubTexture2D,core,high,approved,Imported from legacy classes map
Class258_Sub4,OpenGLTexture1D,core,high,approved,Imported from legacy classes map
Class259,VarcTypeList,core,high,approved,Imported from legacy classes map
Class26,SoundCache,core,high,approved,Imported from legacy classes map
Class260,ClientStepUtil,core,high,approved,Imported from legacy classes map
Class261,BASTypeList,core,high,approved,Imported from legacy classes map
Class262,NodeDeque,core,high,approved,Imported from legacy classes map
Class263,ObjectTypeList,core,high,approved,Imported from legacy classes map
Class264,SmoothAngleInterpolator,core,high,approved,Imported from legacy classes map
Class265,LoadingScreenFullscreenSpriteOp,core,high,approved,Imported from legacy classes map
Class266,GroundTilePaint,core,high,approved,Imported from legacy classes map
Class267,ResourceSlot,core,high,approved,Imported from legacy classes map
Class268,FloorOverlayTypeList,core,high,approved,Imported from legacy classes map
Class269,WaterNormalMapResources,core,high,approved,Imported from legacy classes map
Class27,Base37Util,core,high,approved,Imported from legacy classes map
Class270,TileScale,core,high,approved,Imported from legacy classes map
Class271,InvTypeList,core,high,approved,Imported from legacy classes map
Class272,SocketFactory,core,high,approved,Imported from legacy classes map
Class272_Sub1,DirectSocketFactory,core,high,approved,Imported from legacy classes map
Class272_Sub2,ProxySocketFactory,core,high,approved,Imported from legacy classes map
Class273,ClientScriptTrigger,core,high,approved,Imported from legacy classes map
Class274,LocalisedText,core,high,approved,Imported from legacy classes map
Class275,SceneHeight,core,high,approved,Imported from legacy classes map
Class276,VorbisMapping,core,high,approved,Imported from legacy classes map
Class277,FloorOverlayType,core,high,approved,Imported from legacy classes map
Class278,NpcTypeList,core,high,approved,Imported from legacy classes map
Class279,PcmPlayer,core,high,approved,Imported from legacy classes map
Class279_Sub1,PcmPlayer_Sub1,core,high,approved,Imported from legacy classes map
Class279_Sub2,SignLinkPcmPlayer,core,high,approved,Imported from legacy classes map
Class28,ParamValueFormatter,core,high,approved,Imported from legacy classes map
Class280,NativeParticleRenderer,core,high,approved,Imported from legacy classes map
Class281,ClientStringPacketSender,core,high,approved,Imported from legacy classes map
Class282,ProjectileManager,core,high,approved,Imported from legacy classes map
Class283,RendererUpdateTracker,core,high,approved,Imported from legacy classes map
Class284,RenderBenchmark,core,high,approved,Imported from legacy classes map
Class285,OpenGLBuffer,core,high,approved,Imported from legacy classes map
Class285_Sub1,OpenGLVertexBuffer,core,high,approved,Imported from legacy classes map
Class285_Sub2,OpenGLIndexBuffer,core,high,approved,Imported from legacy classes map
Class286,OpenGLShaderEffect,core,high,approved,Imported from legacy classes map
Class286_Sub1,OpenGLWaterVertexProgramEffect,core,high,approved,Imported from legacy classes map
Class286_Sub2,OpenGLNoLightingEffect,core,high,approved,Imported from legacy classes map
Class286_Sub3,OpenGLWaterTurbulenceVertexProgramEffect,core,high,approved,Imported from legacy classes map
Class286_Sub4,OpenGLShoreWaterShaderEffect,core,high,approved,Imported from legacy classes map
Class286_Sub5,OpenGLWaterTexGenEffect,core,high,approved,Imported from legacy classes map
Class286_Sub6,OpenGLWaterShaderEffect,core,high,approved,Imported from legacy classes map
Class286_Sub7,OpenGLWaterNoiseEffect,core,high,approved,Imported from legacy classes map
Class286_Sub8,OpenGLEnvironmentMapEffect,core,high,approved,Imported from legacy classes map
Class286_Sub9,OpenGLSpecularCubeMapEffect,core,high,approved,Imported from legacy classes map
Class287,ClientHashAndSoundUtil,core,high,approved,Imported from legacy classes map
Class288,LoadingScreenSpriteLayout,core,high,approved,Imported from legacy classes map
Class288_Sub1,LoadingScreenRotatingSpriteLayout,core,high,approved,Imported from legacy classes map
Class289,ClientConnectionKeepAlive,core,high,approved,Imported from legacy classes map
Class29,IntKey,core,high,approved,Imported from legacy classes map
Class290,NativeVertexBufferCache,core,high,approved,Imported from legacy classes map
Class291,Js5Index,core,high,approved,Imported from legacy classes map
Class292,IndexProgressProvider,core,high,approved,Imported from legacy classes map
Class293,ToolkitWorkerThread,core,high,approved,Imported from legacy classes map
Class294,AwtLoadingScreen,core,high,approved,Imported from legacy classes map
Class295,TileRotation8x8,core,high,approved,Imported from legacy classes map
Class296,Huffman,core,high,approved,Imported from legacy classes map
Class297,SignLink,core,high,approved,Imported from legacy classes map
Class298,Pathfinding,core,high,approved,Imported from legacy classes map
Class299,InboundPacketBuffer,core,high,approved,Imported from legacy classes map
Class299_Sub1,OpenGLCubeMapTextureProvider,core,high,approved,Imported from legacy classes map
Class299_Sub1_Sub1,CubeMapTextureSource,core,high,approved,Imported from legacy classes map
Class299_Sub1_Sub2,CubeMapRenderer,core,high,approved,Imported from legacy classes map
Class299_Sub2,NativeCubeMapTextureProvider,core,high,approved,Imported from legacy classes map
Class299_Sub2_Sub1,NativeCubeMapTexture,core,high,approved,Imported from legacy classes map
Class3,RendererReset,core,high,approved,Imported from legacy classes map
Class30,BoundingCylinder,core,high,approved,Imported from legacy classes map
Class300,SkyBoxType,core,high,approved,Imported from legacy classes map
Class301,PerlinNoiseUtil,core,high,approved,Imported from legacy classes map
Class302,ClientFrameUpdateUtil,core,high,approved,Imported from legacy classes map
Class303,UiDispatcher,core,high,approved,Imported from legacy classes map
Class304,TextureFormat,core,high,approved,Imported from legacy classes map
Class305,SkyBox,core,high,approved,Imported from legacy classes map
Class306,SafeModeToolkitFactory,core,high,approved,Imported from legacy classes map
Class307,WorldMapStaticElementListLoader,core,high,approved,Imported from legacy classes map
Class308,LruHashTable,core,high,approved,Imported from legacy classes map
Class309,ResourceDownloadTask,core,high,approved,Imported from legacy classes map
Class31,HitmarkType,core,high,approved,Imported from legacy classes map
Class310,DirectXBaseTexture,core,high,approved,Imported from legacy classes map
Class310_Sub1,DirectXCubeTexture,core,high,approved,Imported from legacy classes map
Class310_Sub2,DirectXTexture2D,core,high,approved,Imported from legacy classes map
Class310_Sub3,DirectXVolumeTexture,core,high,approved,Imported from legacy classes map
Class311,LoadingScreenRenderer,core,high,approved,Imported from legacy classes map
Class312,DequeIterator,core,high,approved,Imported from legacy classes map
Class313,LoadingScreenSpriteBarOpType,core,high,approved,Imported from legacy classes map
Class314,Js5ArchiveProvider,core,high,approved,Imported from legacy classes map
Class314_Sub1,Js5ArchiveProviderImpl,core,high,approved,Imported from legacy classes map
Class315,ToolkitWorkQueue,core,high,approved,Imported from legacy classes map
Class316,IntHashTable,core,high,approved,Imported from legacy classes map
Class317,SoundEffect,core,high,approved,Imported from legacy classes map
Class318,DoublyLinkedNode,core,high,approved,Imported from legacy classes map
Class318_Sub1,SceneGraphNode,core,high,approved,Imported from legacy classes map
Class318_Sub10,ParticleSystem,core,high,approved,Imported from legacy classes map
Class318_Sub1_Sub1,FloorDecorationEntity,core,high,approved,Imported from legacy classes map
Class318_Sub1_Sub1_Sub1,AnimatedFloorDecorationEntity,core,high,approved,Imported from legacy classes map
Class318_Sub1_Sub1_Sub2,StaticFloorDecorationEntity,core,high,approved,Imported from legacy classes map
Class318_Sub1_Sub2,GroundItemPileEntity,core,high,approved,Imported from legacy classes map
Class318_Sub1_Sub2_Sub1,GroundItemPile,core,high,approved,Imported from legacy classes map
Class318_Sub1_Sub3,SceneEntity,core,high,approved,Imported from legacy classes map
Class318_Sub1_Sub3_Sub1,GameObjectEntity,core,high,approved,Imported from legacy classes map
Class318_Sub1_Sub3_Sub2,AnimatedObjectEntity,core,high,approved,Imported from legacy classes map
Class318_Sub1_Sub3_Sub3,Actor,core,high,approved,Imported from legacy classes map
Class318_Sub1_Sub3_Sub4,GraphicsObject,core,high,approved,Imported from legacy classes map
Class318_Sub1_Sub3_Sub5,Projectile,core,high,approved,Imported from legacy classes map
Class318_Sub1_Sub4,SceneObjectEntity,core,high,approved,Imported from legacy classes map
Class318_Sub1_Sub4_Sub1,StaticObjectEntity,core,high,approved,Imported from legacy classes map
Class318_Sub1_Sub4_Sub2,DynamicObjectEntity,core,high,approved,Imported from legacy classes map
Class318_Sub1_Sub5,WallObjectEntityBase,core,high,approved,Imported from legacy classes map
Class318_Sub1_Sub5_Sub1,WallObjectEntity,core,high,approved,Imported from legacy classes map
Class318_Sub1_Sub5_Sub2,AnimatedWallObjectEntity,core,high,approved,Imported from legacy classes map
Class318_Sub2,ToolkitWorkItem,core,high,approved,Imported from legacy classes map
Class318_Sub3,PickHitboxSegment,core,high,approved,Imported from legacy classes map
Class318_Sub4,ScenePickBuffer,core,high,approved,Imported from legacy classes map
Class318_Sub5,OverheadText,core,high,approved,Imported from legacy classes map
Class318_Sub6,ActorIconBounds,core,high,approved,Imported from legacy classes map
Class318_Sub7,ParticleEmitterInstance,core,high,approved,Imported from legacy classes map
Class318_Sub8,WorldMapTileOverlay,core,high,approved,Imported from legacy classes map
Class318_Sub9,DualNode,core,high,approved,Imported from legacy classes map
Class318_Sub9_Sub1,FriendLoginUpdate,core,high,approved,Imported from legacy classes map
Class318_Sub9_Sub2,Particle,core,high,approved,Imported from legacy classes map
Class318_Sub9_Sub2_Sub1,ParticleInstance,core,high,approved,Imported from legacy classes map
Class319,GfxTypeList,core,high,approved,Imported from legacy classes map
Class32,LinkedNodeHashTable,core,high,approved,Imported from legacy classes map
Class320,WidgetGroupLoader,core,high,approved,Imported from legacy classes map
Class321,QuestType,core,high,approved,Imported from legacy classes map
Class322,ColorImageCache,core,high,approved,Imported from legacy classes map
Class323,WorldMapFont,core,high,approved,Imported from legacy classes map
Class324,FontRenderer,core,high,approved,Imported from legacy classes map
Class324_Sub1,SoftwareFontRenderer,core,high,approved,Imported from legacy classes map
Class324_Sub2,NativeToolkitFontRenderer,core,high,approved,Imported from legacy classes map
Class324_Sub3,SoftwarePalettedFontRenderer,core,high,approved,Imported from legacy classes map
Class324_Sub4,SoftwareAlphaFontRenderer,core,high,approved,Imported from legacy classes map
Class324_Sub5,OpenGLFontRenderer,core,high,approved,Imported from legacy classes map
Class325,VertexElementType,core,high,approved,Imported from legacy classes map
Class326,ParamTypeList,core,high,approved,Imported from legacy classes map
Class327,SleepAndFileUtil,core,high,approved,Imported from legacy classes map
Class328,ShaderAndClientScriptLoader,core,high,approved,Imported from legacy classes map
Class328_Sub1,PlayerUpdateList,core,high,approved,Imported from legacy classes map
Class328_Sub1_Sub1,KeyLogPacket,core,high,approved,Imported from legacy classes map
Class328_Sub2,LoadStateRegistry,core,high,approved,Imported from legacy classes map
Class328_Sub2_Sub1,FrameTimestampRing,core,high,approved,Imported from legacy classes map
Class328_Sub3,DelayedStateChangeUtil,core,high,approved,Imported from legacy classes map
Class329,PolygonScanlineFiller,core,high,approved,Imported from legacy classes map
Class33,EnumTypeList,core,high,approved,Imported from legacy classes map
Class330,NativeToolkitAlphaMaskManager,core,high,approved,Imported from legacy classes map
Class331,CubeMapUtil,core,high,approved,Imported from legacy classes map
Class332,DirtyRectangleUtil,core,high,approved,Imported from legacy classes map
Class333,HashTableIterator,core,high,approved,Imported from legacy classes map
Class334,PlatformUtil,core,high,approved,Imported from legacy classes map
Class335,AmbientSoundUpdater,core,high,approved,Imported from legacy classes map
Class336,RasterizerVerticalLine,core,high,approved,Imported from legacy classes map
Class337,OpenGLProgram,core,high,approved,Imported from legacy classes map
Class338,Occluder,core,high,approved,Imported from legacy classes map
Class339,NewsFetcher,core,high,approved,Imported from legacy classes map
Class34,IDKType,core,high,approved,Imported from legacy classes map
Class340,Js5MasterIndex,core,high,approved,Imported from legacy classes map
Class341,VerticalAlignment,core,high,approved,Imported from legacy classes map
Class342,ParticleEffectorConfig,core,high,approved,Imported from legacy classes map
Class343,VorbisResidue,core,high,approved,Imported from legacy classes map
Class344,AbstractByteArrayCopier,core,high,approved,Imported from legacy classes map
Class344_Sub1,DirectByteArrayCopier,core,high,approved,Imported from legacy classes map
Class345,ReferenceCacheEntryConverter,core,high,approved,Imported from legacy classes map
Class345_Sub1,SoftReferenceCacheEntryConverter,core,high,approved,Imported from legacy classes map
Class346,Keyboard,core,high,approved,Imported from legacy classes map
Class346_Sub1,AwtKeyboard,core,high,approved,Imported from legacy classes map
Class347,WidgetDragHandler,core,high,approved,Imported from legacy classes map
Class348,Node,core,high,approved,Imported from legacy classes map
Class348_Sub1,Light,core,high,approved,Imported from legacy classes map
Class348_Sub10,VorbisSample,core,high,approved,Imported from legacy classes map
Class348_Sub11,KeyLogEntry,core,high,approved,Imported from legacy classes map
Class348_Sub12,WorldMapElementBounds,core,high,approved,Imported from legacy classes map
Class348_Sub13,PlayerAppearance,core,high,approved,Imported from legacy classes map
Class348_Sub14,TimedVarEntry,core,high,approved,Imported from legacy classes map
Class348_Sub15,VideoEntry,core,high,approved,Imported from legacy classes map
Class348_Sub16,PcmStream,core,high,approved,Imported from legacy classes map
Class348_Sub16_Sub1,MusicPatchPcmStream,core,high,approved,Imported from legacy classes map
Class348_Sub16_Sub2,PcmStreamQueue,core,high,approved,Imported from legacy classes map
Class348_Sub16_Sub3,MidiPcmStream,core,high,approved,Imported from legacy classes map
Class348_Sub16_Sub4,PcmStreamMixer,core,high,approved,Imported from legacy classes map
Class348_Sub16_Sub5,RawPcmStream,core,high,approved,Imported from legacy classes map
Class348_Sub17,MusicPatch,core,high,approved,Imported from legacy classes map
Class348_Sub18,WorldMapSection,core,high,approved,Imported from legacy classes map
Class348_Sub19,AbstractSound,core,high,approved,Imported from legacy classes map
Class348_Sub19_Sub1,RawSound,core,high,approved,Imported from legacy classes map
Class348_Sub1_Sub1,OpenGLLight,core,high,approved,Imported from legacy classes map
Class348_Sub1_Sub2,SafeModeLight,core,high,approved,Imported from legacy classes map
Class348_Sub1_Sub3,MutableLight,core,high,approved,Imported from legacy classes map
Class348_Sub2,MidiSong,core,high,approved,Imported from legacy classes map
Class348_Sub20,OpenGLTerrainLayer,core,high,approved,Imported from legacy classes map
Class348_Sub21,WorldMapElementMarker,core,high,approved,Imported from legacy classes map
Class348_Sub22,NpcNode,core,high,approved,Imported from legacy classes map
Class348_Sub23,OggStream,core,high,approved,Imported from legacy classes map
Class348_Sub23_Sub1,VorbisAudioStream,core,high,approved,Imported from legacy classes map
Class348_Sub23_Sub2,TheoraVideoStream,core,high,approved,Imported from legacy classes map
Class348_Sub23_Sub3,UnknownOggStream,core,high,approved,Imported from legacy classes map
Class348_Sub23_Sub4,OggKateStream,core,high,approved,Imported from legacy classes map
Class348_Sub24,ColorImageCacheSlot,core,high,approved,Imported from legacy classes map
Class348_Sub25,AnimatedTexturePixels,core,high,approved,Imported from legacy classes map
Class348_Sub26,PingRequest,core,high,approved,Imported from legacy classes map
Class348_Sub27,PendingSpawn,core,high,approved,Imported from legacy classes map
Class348_Sub28,DeferredInterface19Node,core,high,approved,Imported from legacy classes map
Class348_Sub29,ShortNode,core,high,approved,Imported from legacy classes map
Class348_Sub3,DirectXTerrainLayer,core,high,approved,Imported from legacy classes map
Class348_Sub30,PcmStreamMixerListener,core,high,approved,Imported from legacy classes map
Class348_Sub31,CanvasSurface,core,high,approved,Imported from legacy classes map
Class348_Sub31_Sub1,BufferedImageSurface,core,high,approved,Imported from legacy classes map
Class348_Sub31_Sub2,ImageProducerSurface,core,high,approved,Imported from legacy classes map
Class348_Sub32,OpenGLTerrainLight,core,high,approved,Imported from legacy classes map
Class348_Sub33,AnimBase,core,high,approved,Imported from legacy classes map
Class348_Sub34,BitMasks,core,high,approved,Imported from legacy classes map
Class348_Sub35,IntNode,core,high,approved,Imported from legacy classes map
Class348_Sub36,ClientScriptEvent,core,high,approved,Imported from legacy classes map
Class348_Sub37,TextureOpDecoder,core,high,approved,Imported from legacy classes map
Class348_Sub38,DirectXTerrainLight,core,high,approved,Imported from legacy classes map
Class348_Sub39,WorldMapTileObjectList,core,high,approved,Imported from legacy classes map
Class348_Sub4,MachineInfo,core,high,approved,Imported from legacy classes map
Class348_Sub40,TextureOp,core,high,approved,Imported from legacy classes map
Class348_Sub40_Sub1,TextureOpBrightness,core,high,approved,Imported from legacy classes map
Class348_Sub40_Sub10,TextureOpRange,core,high,approved,Imported from legacy classes map
Class348_Sub40_Sub11,TextureOpWeave,core,high,approved,Imported from legacy classes map
Class348_Sub40_Sub12,TextureOpGradient,core,high,approved,Imported from legacy classes map
Class348_Sub40_Sub13,TextureOpGrayScale,core,high,approved,Imported from legacy classes map
Class348_Sub40_Sub14,TextureOpCurve,core,high,approved,Imported from legacy classes map
Class348_Sub40_Sub15,TextureOpConstantMonochrome,core,high,approved,Imported from legacy classes map
Class348_Sub40_Sub16,TextureOpArithmetic,core,high,approved,Imported from legacy classes map
Class348_Sub40_Sub17,TextureOpSpriteSource,core,high,approved,Imported from legacy classes map
Class348_Sub40_Sub17_Sub1,TextureOpTilingSprite,core,high,approved,Imported from legacy classes map
Class348_Sub40_Sub18,TextureOpConstantColour,core,high,approved,Imported from legacy classes map
Class348_Sub40_Sub19,TextureOpHorizontalGradient,core,high,approved,Imported from legacy classes map
Class348_Sub40_Sub2,TextureOpHerringbone,core,high,approved,Imported from legacy classes map
Class348_Sub40_Sub20,TextureOpPseudoRandomNoise,core,high,approved,Imported from legacy classes map
Class348_Sub40_Sub21,TextureOpWavyCross,core,high,approved,Imported from legacy classes map
Class348_Sub40_Sub22,TextureOpBricks,core,high,approved,Imported from legacy classes map
Class348_Sub40_Sub23,TextureOpIrregularBricks,core,high,approved,Imported from legacy classes map
Class348_Sub40_Sub24,TextureOpSquareWaveform,core,high,approved,Imported from legacy classes map
Class348_Sub40_Sub25,TextureOpMandelbrot,core,high,approved,Imported from legacy classes map
Class348_Sub40_Sub26,TextureOpColourStrip,core,high,approved,Imported from legacy classes map
Class348_Sub40_Sub27,TextureOpInterpolate,core,high,approved,Imported from legacy classes map
Class348_Sub40_Sub28,TextureOpLineNoise,core,high,approved,Imported from legacy classes map
Class348_Sub40_Sub29,TextureOpTextureSource,core,high,approved,Imported from legacy classes map
Class348_Sub40_Sub3,TextureOpRangeThreshold,core,high,approved,Imported from legacy classes map
Class348_Sub40_Sub30,TextureOpHslAdjust,core,high,approved,Imported from legacy classes map
Class348_Sub40_Sub31,TextureOpTiling,core,high,approved,Imported from legacy classes map
Class348_Sub40_Sub32,TextureOpInvert,core,high,approved,Imported from legacy classes map
Class348_Sub40_Sub33,TextureOpKaleidoscope,core,high,approved,Imported from legacy classes map
Class348_Sub40_Sub34,TextureOpNormalMap,core,high,approved,Imported from legacy classes map
Class348_Sub40_Sub35,TextureOpEmboss,core,high,approved,Imported from legacy classes map
Class348_Sub40_Sub36,TextureOpDiagonalGradient,core,high,approved,Imported from legacy classes map
Class348_Sub40_Sub37,TextureOpBlur,core,high,approved,Imported from legacy classes map
Class348_Sub40_Sub38,TextureOpClamp,core,high,approved,Imported from legacy classes map
Class348_Sub40_Sub39,TextureOpShapeRasterizer,core,high,approved,Imported from legacy classes map
Class348_Sub40_Sub4,TextureOpVerticalGradient,core,high,approved,Imported from legacy classes map
Class348_Sub40_Sub5,TextureOpVoronoiNoise,core,high,approved,Imported from legacy classes map
Class348_Sub40_Sub6,TextureOpTrigWarp,core,high,approved,Imported from legacy classes map
Class348_Sub40_Sub7,TextureOpMirror,core,high,approved,Imported from legacy classes map
Class348_Sub40_Sub8,TextureOpPerlinNoise,core,high,approved,Imported from legacy classes map
Class348_Sub40_Sub9,TextureOpMonochromeEdgeDetector,core,high,approved,Imported from legacy classes map
Class348_Sub41,MapRegionLoader,core,high,approved,Imported from legacy classes map
Class348_Sub42,SecondaryNode,core,high,approved,Imported from legacy classes map
Class348_Sub42_Sub1,ParamTable,core,high,approved,Imported from legacy classes map
Class348_Sub42_Sub10,QuickChatPhraseType,core,high,approved,Imported from legacy classes map
Class348_Sub42_Sub11,QuickChatCatType,core,high,approved,Imported from legacy classes map
Class348_Sub42_Sub12,ChatMessage,core,high,approved,Imported from legacy classes map
Class348_Sub42_Sub13,ChatChannel,core,high,approved,Imported from legacy classes map
Class348_Sub42_Sub14,WorldMapArea,core,high,approved,Imported from legacy classes map
Class348_Sub42_Sub15,DelayedStateChange,core,high,approved,Imported from legacy classes map
Class348_Sub42_Sub16,AsyncOperation,core,high,approved,Imported from legacy classes map
Class348_Sub42_Sub16_Sub1,GmtDateFormatter,core,high,approved,Imported from legacy classes map
Class348_Sub42_Sub16_Sub2,ArchiveDiskAction,core,high,approved,Imported from legacy classes map
Class348_Sub42_Sub17,AnimFrames,core,high,approved,Imported from legacy classes map
Class348_Sub42_Sub18,ProjectileNode,core,high,approved,Imported from legacy classes map
Class348_Sub42_Sub19,ClientScript,core,high,approved,Imported from legacy classes map
Class348_Sub42_Sub2,OpenGLRenderbuffer,core,high,approved,Imported from legacy classes map
Class348_Sub42_Sub20,ParticleEffectorInstance,core,high,approved,Imported from legacy classes map
Class348_Sub42_Sub3,ByteArraySecondaryNode,core,high,approved,Imported from legacy classes map
Class348_Sub42_Sub4,PcmBufferNode,core,high,approved,Imported from legacy classes map
Class348_Sub42_Sub5,TextureDefinition,core,high,approved,Imported from legacy classes map
Class348_Sub42_Sub6,GraphicsObjectNode,core,high,approved,Imported from legacy classes map
Class348_Sub42_Sub7,InvType,core,high,approved,Imported from legacy classes map
Class348_Sub42_Sub8,ReferenceNode,core,high,approved,Imported from legacy classes map
Class348_Sub42_Sub8_Sub1,SoftReferenceNode,core,high,approved,Imported from legacy classes map
Class348_Sub42_Sub8_Sub2,HardReferenceNode,core,high,approved,Imported from legacy classes map
Class348_Sub42_Sub9,ReferenceCacheEntry,core,high,approved,Imported from legacy classes map
Class348_Sub42_Sub9_Sub1,HardReferenceCacheEntry,core,high,approved,Imported from legacy classes map
Class348_Sub42_Sub9_Sub2,SoftReferenceCacheEntry,core,high,approved,Imported from legacy classes map
Class348_Sub43,MiniMenu,core,high,approved,Imported from legacy classes map
Class348_Sub44,WidgetFlags,core,high,approved,Imported from legacy classes map
Class348_Sub45,InputEventRecord,core,high,approved,Imported from legacy classes map
Class348_Sub45_Sub1,MouseWheelEventRecord,core,high,approved,Imported from legacy classes map
Class348_Sub45_Sub2,MouseEventRecord,core,high,approved,Imported from legacy classes map
Class348_Sub46,EnumStringLookupEntry,core,high,approved,Imported from legacy classes map
Class348_Sub47,PacketBufferNode,core,high,approved,Imported from legacy classes map
Class348_Sub48,ReflectionCheck,core,high,approved,Imported from legacy classes map
Class348_Sub49,JagBuffer,core,high,approved,Imported from legacy classes map
Class348_Sub49_Sub1,PacketWriter,core,high,approved,Imported from legacy classes map
Class348_Sub49_Sub2,PacketBuffer,core,high,approved,Imported from legacy classes map
Class348_Sub5,PostProcessor,core,high,approved,Imported from legacy classes map
Class348_Sub50,StringNode,core,high,approved,Imported from legacy classes map
Class348_Sub51,ClientPreferences,core,high,approved,Imported from legacy classes map
Class348_Sub5_Sub1,BloomPostProcessor,core,high,approved,Imported from legacy classes map
Class348_Sub6,MonochromeImageCacheSlot,core,high,approved,Imported from legacy classes map
Class348_Sub7,ItemSpriteRequest,core,high,approved,Imported from legacy classes map
Class348_Sub8,MidiNoteUsage,core,high,approved,Imported from legacy classes map
Class348_Sub9,AmbientSound,core,high,approved,Imported from legacy classes map
Class349,AudioBiquadFilter,core,high,approved,Imported from legacy classes map
Class35,AudioSystemInit,core,high,approved,Imported from legacy classes map
Class350,ModelBillboardTransform,core,high,approved,Imported from legacy classes map
Class351,ClientPacket,core,high,approved,Imported from legacy classes map
Class352,GroundItemPileCache,core,high,approved,Imported from legacy classes map
Class353,OpenGLTextureMipmapUtil,core,high,approved,Imported from legacy classes map
Class354,OpenGLTextureCache,core,high,approved,Imported from legacy classes map
Class355,QuickChatPhraseTypeList,core,high,approved,Imported from legacy classes map
Class356,HashTable,core,high,approved,Imported from legacy classes map
Class357,SceneTile,core,high,approved,Imported from legacy classes map
Class358,ModelTextureProjectionData,core,high,approved,Imported from legacy classes map
Class359,LoginScreenResources,core,high,approved,Imported from legacy classes map
Class36,MapBuildProgressPhase,core,high,approved,Imported from legacy classes map
Class360,SoftwareVertexNormalAccumulator,core,high,approved,Imported from legacy classes map
Class361,CollisionMap,core,high,approved,Imported from legacy classes map
Class362,OverlayMessageRenderer,core,high,approved,Imported from legacy classes map
Class363,PendingSpawnManager,core,high,approved,Imported from legacy classes map
Class364,GameBuild,core,high,approved,Imported from legacy classes map
Class365,RendererInfo,core,high,approved,Imported from legacy classes map
Class366,DirectXVertexBuffer,core,high,approved,Imported from legacy classes map
Class367,DirectXShaderEffect,core,high,approved,Imported from legacy classes map
Class367_Sub1,PerlinNoiseAndWidgetUtil,core,high,approved,Imported from legacy classes map
Class367_Sub10,DirectXMapEffect,core,high,approved,Imported from legacy classes map
Class367_Sub11,UnderwaterShader,core,high,approved,Imported from legacy classes map
Class367_Sub2,OpenGLTransparentWaterShader,core,high,approved,Imported from legacy classes map
Class367_Sub3,DirectXRasterizerEffect,core,high,approved,Imported from legacy classes map
Class367_Sub4,DirectXSpecularCubeMapEffect,core,high,approved,Imported from legacy classes map
Class367_Sub5,DirectXUnderwaterVertexShaderSet,core,high,approved,Imported from legacy classes map
Class367_Sub6,DirectXTransparentWaterVertexShader,core,high,approved,Imported from legacy classes map
Class367_Sub7,DirectXEnvironmentMappedWaterShader,core,high,approved,Imported from legacy classes map
Class367_Sub8,ClientMiscUtil,core,high,approved,Imported from legacy classes map
Class367_Sub9,OpenGLEnvironmentMappedWaterShader,core,high,approved,Imported from legacy classes map
Class368,GfxType,core,high,approved,Imported from legacy classes map
Class369,UiLayout,core,high,approved,Imported from legacy classes map
Class369_Sub1,LoadingScreenSpriteBarLayout,core,high,approved,Imported from legacy classes map
Class369_Sub2,LoadingScreenFillBarLayout,core,high,approved,Imported from legacy classes map
Class369_Sub3,LoadingScreenFramedBarLayout,core,high,approved,Imported from legacy classes map
Class369_Sub3_Sub1,LoadingScreenScrollingBarLayout,core,high,approved,Imported from legacy classes map
Class37,ByteArrayPool,core,high,approved,Imported from legacy classes map
Class370,VorbisCodebook,core,high,approved,Imported from legacy classes map
Class371,OpenGLTextureFactory,core,high,approved,Imported from legacy classes map
Class372,NativeTextureCache,core,high,approved,Imported from legacy classes map
Class373,MouseInputHandler,core,high,approved,Imported from legacy classes map
Class373_Sub1,MouseWheelHandler,core,high,approved,Imported from legacy classes map
Class373_Sub2,MouseHandler,core,high,approved,Imported from legacy classes map
Class374,RandomDatFile,core,high,approved,Imported from legacy classes map
Class375,PlayerUpdateMaskParser,core,high,approved,Imported from legacy classes map
Class376,AsyncInputStream,core,high,approved,Imported from legacy classes map
Class377,OpenGLNativeToolkit,core,high,approved,Imported from legacy classes map
Class378,DirectXNativeToolkit,core,high,approved,Imported from legacy classes map
Class38,DevConsole,core,high,approved,Imported from legacy classes map
Class39,OpenGLResourceHandle,core,high,approved,Imported from legacy classes map
Class4,AnimFrame,core,high,approved,Imported from legacy classes map
Class40,BZip2State,core,high,approved,Imported from legacy classes map
Class41,FaceNormal,core,high,approved,Imported from legacy classes map
Class42,MapElementType,core,high,approved,Imported from legacy classes map
Class43,ClientCookieUtil,core,high,approved,Imported from legacy classes map
Class44,Cp1252ExtensionTable,core,high,approved,Imported from legacy classes map
Class45,Js5Archive,core,high,approved,Imported from legacy classes map
Class46,Widget,core,high,approved,Imported from legacy classes map
Class47,Clock,core,high,approved,Imported from legacy classes map
Class47_Sub1,MillisClock,core,high,approved,Imported from legacy classes map
Class47_Sub2,NanoClock,core,high,approved,Imported from legacy classes map
Class48,LoginRequestSender,core,high,approved,Imported from legacy classes map
Class49,SoftwareOffscreenSurface,core,high,approved,Imported from legacy classes map
Class5,LoadingScreenOp,core,high,approved,Imported from legacy classes map
Class50,RasterizerCommand,core,high,approved,Imported from legacy classes map
Class50_Sub1,RasterizerEllipseCommand,core,high,approved,Imported from legacy classes map
Class50_Sub2,RasterizerRectCommand,core,high,approved,Imported from legacy classes map
Class50_Sub3,RasterizerQuadCommand,core,high,approved,Imported from legacy classes map
Class50_Sub4,RasterizerLineCommand,core,high,approved,Imported from legacy classes map
Class51,ObjectType,core,high,approved,Imported from legacy classes map
Class52,LoadingScreenSolidFillLayout,core,high,approved,Imported from legacy classes map
Class53,DirectXSwapChain,core,high,approved,Imported from legacy classes map
Class54,LobbyScreenEntry,core,high,approved,Imported from legacy classes map
Class55,Video,core,high,approved,Imported from legacy classes map
Class55_Sub1,Js5VideoStream,core,high,approved,Imported from legacy classes map
Class56,LoadingStage,core,high,approved,Imported from legacy classes map
Class57,ClientDisplayMode,core,high,approved,Imported from legacy classes map
Class58,VertexLayout,core,high,approved,Imported from legacy classes map
Class59,PerlinNoiseGeneratorBase,core,high,approved,Imported from legacy classes map
Class59_Sub1,PerlinNoiseByteGenerator,core,high,approved,Imported from legacy classes map
Class59_Sub1_Sub1,TextureOpFactory,core,high,approved,Imported from legacy classes map
Class59_Sub1_Sub2,PerlinNoiseStereoByteGenerator,core,high,approved,Imported from legacy classes map
Class59_Sub2,PerlinNoiseAccumulatorGenerator,core,high,approved,Imported from legacy classes map
Class59_Sub2_Sub1,PerlinNoiseTextureGenerator,core,high,approved,Imported from legacy classes map
Class59_Sub2_Sub2,Pathfinder,core,high,approved,Imported from legacy classes map
Class5_Sub1,LoadingScreenFramedBarOp,core,high,approved,Imported from legacy classes map
Class5_Sub1_Sub1,LoadingScreenScrollingBarOp,core,high,approved,Imported from legacy classes map
Class5_Sub2,LoadingScreenFillBarOp,core,high,approved,Imported from legacy classes map
Class5_Sub3,LoadingScreenSpriteBarOp,core,high,approved,Imported from legacy classes map
Class6,SoftwareModelBillboard,core,high,approved,Imported from legacy classes map
Class60,SoftLruCache,core,high,approved,Imported from legacy classes map
Class61,GlDisplayListSet,core,high,approved,Imported from legacy classes map
Class62,TimeUtils,core,high,approved,Imported from legacy classes map
Class63,ContextMenuLayout,core,high,approved,Imported from legacy classes map
Class64,Model,core,high,approved,Imported from legacy classes map
Class64_Sub1,SoftwareModel,core,high,approved,Imported from legacy classes map
Class64_Sub2,NativeModel,core,high,approved,Imported from legacy classes map
Class64_Sub3,OpenGLModel,core,high,approved,Imported from legacy classes map
Class65,ParamTableList,core,high,approved,Imported from legacy classes map
Class66,ClientScriptInterpreter,core,high,approved,Imported from legacy classes map
Class67,LoadingScreenTextOp,core,high,approved,Imported from legacy classes map
Class68,IndexElementType,core,high,approved,Imported from legacy classes map
Class69,LoadResourceHandle,core,high,approved,Imported from legacy classes map
Class7,AwtFullscreenAdapter,core,high,approved,Imported from legacy classes map
Class70,TrigTables,core,high,approved,Imported from legacy classes map
Class71,MovementAnimationSelector,core,high,approved,Imported from legacy classes map
Class72,SkyBoxSphere,core,high,approved,Imported from legacy classes map
Class73,BillboardTypeList,core,high,approved,Imported from legacy classes map
Class74,ZoneUpdateType,core,high,approved,Imported from legacy classes map
Class75,WorldMap,core,high,approved,Imported from legacy classes map
Class75_Sub1,RenderGlobals,core,high,approved,Imported from legacy classes map
Class76,ScenePickBufferQueue,core,high,approved,Imported from legacy classes map
Class77,IsaacCipher,core,high,approved,Imported from legacy classes map
Class78,BufferedFile,core,high,approved,Imported from legacy classes map
Class79,NpcType,core,high,approved,Imported from legacy classes map
Class8,VertexNormalAccumulator,core,high,approved,Imported from legacy classes map
Class80,SynthInstrument,core,high,approved,Imported from legacy classes map
Class81,ClientNetworkStats,core,high,approved,Imported from legacy classes map
Class82,VarClientStringList,core,high,approved,Imported from legacy classes map
Class83,WaterNoiseTextureSet,core,high,approved,Imported from legacy classes map
Class84,SkyBoxTypeList,core,high,approved,Imported from legacy classes map
Class85,WhirlpoolDigest,core,high,approved,Imported from legacy classes map
Class86,MapFlagGlobals,core,high,approved,Imported from legacy classes map
Class87,SeqTypeList,core,high,approved,Imported from legacy classes map
Class88,LoginHandshake,core,high,approved,Imported from legacy classes map
Class89,OpenGLShaderProgram,core,high,approved,Imported from legacy classes map
Class9,HardwareToolkitLoader,core,high,approved,Imported from legacy classes map
Class90,MapRegionDecoder,core,high,approved,Imported from legacy classes map
Class91,NpcUpdateSanityCheck,core,high,approved,Imported from legacy classes map
Class92,NpcSpawnLoader,core,high,approved,Imported from legacy classes map
Class93,OpenGLToolkitLoader,core,high,approved,Imported from legacy classes map
Class94,ClientTickTiming,core,high,approved,Imported from legacy classes map
Class95,ConfigArchive,core,high,approved,Imported from legacy classes map
Class96,DirectXToolkitFactory,core,high,approved,Imported from legacy classes map
Class97,NativeAlphaMaskTile,core,high,approved,Imported from legacy classes map
Class98,Base64,core,high,approved,Imported from legacy classes map
Class99,WidgetAndChatUtil,core,high,approved,Imported from legacy classes map
Exception_Sub1,ToolkitException,core,high,approved,Imported from legacy classes map
IOException_Sub1,ProxyAuthenticationException,core,high,approved,Imported from legacy classes map
InputStream_Sub1,Whirlpool,core,high,approved,Imported from legacy classes map
InputStream_Sub2,ZoneUpdateDecoder,core,high,approved,Imported from legacy classes map
Interface1,LoadingScreenElement,core,high,approved,Imported from legacy classes map
Interface10,GroundAlphaMaskProjector,core,high,approved,Imported from legacy classes map
Interface11,Framebuffer,core,high,approved,Imported from legacy classes map
Interface12,LoadingScreenLayout,core,high,approved,Imported from legacy classes map
Interface13,DepthBuffer,core,high,approved,Imported from legacy classes map
Interface14,CacheKey,core,high,approved,Imported from legacy classes map
Interface15,ScriptVarFormatter,core,high,approved,Imported from legacy classes map
Interface16,LoadingScreen,core,high,approved,Imported from legacy classes map
Interface17,VarDomain,core,high,approved,Imported from legacy classes map
Interface18,GpuTexture,core,high,approved,Imported from legacy classes map
Interface18_Impl1,GpuTexture3D,core,high,approved,Imported from legacy classes map
Interface18_Impl2,GpuCubeMapTexture,core,high,approved,Imported from legacy classes map
Interface18_Impl3,GpuTexture2D,core,high,approved,Imported from legacy classes map
Interface19,DisposableResource,core,high,approved,Imported from legacy classes map
Interface2,GlArrayBuffer,core,high,approved,Imported from legacy classes map
Interface20,PcmPlayerBackend,core,high,approved,Imported from legacy classes map
Interface21,ClientScriptTriggerType,core,high,approved,Imported from legacy classes map
Interface3,SpriteHandle,core,high,approved,Imported from legacy classes map
Interface4,OffscreenSurface,core,high,approved,Imported from legacy classes map
Interface5,GpuBuffer,core,high,approved,Imported from legacy classes map
Interface5_Impl1,VertexBuffer,core,high,approved,Imported from legacy classes map
Interface5_Impl2,IndexBuffer,core,high,approved,Imported from legacy classes map
Interface6,KeyEventRecord,core,high,approved,Imported from legacy classes map
Interface7,LoadProgressTask,core,high,approved,Imported from legacy classes map
Interface8,GlElementArrayBuffer,core,high,approved,Imported from legacy classes map
Interface9,FramebufferAttachment,core,high,approved,Imported from legacy classes map
Option_Sub1,ClientOption01,core,high,approved,Imported from legacy classes map
Option_Sub10,ClientOption10,core,high,approved,Imported from legacy classes map
Option_Sub12,ClientOption12,core,high,approved,Imported from legacy classes map
Option_Sub13,ClientOption13,core,high,approved,Imported from legacy classes map
Option_Sub14,ClientOption14,core,high,approved,Imported from legacy classes map
Option_Sub15,ClientOption15,core,high,approved,Imported from legacy classes map
Option_Sub16,ClientOption16,core,high,approved,Imported from legacy classes map
Option_Sub17,ClientOption17,core,high,approved,Imported from legacy classes map
Option_Sub18,ClientOption18,core,high,approved,Imported from legacy classes map
Option_Sub19,ClientOption19,core,high,approved,Imported from legacy classes map
Option_Sub2,ClientOption02,core,high,approved,Imported from legacy classes map
Option_Sub20,ClientOption20,core,high,approved,Imported from legacy classes map
Option_Sub21,ClientOption21,core,high,approved,Imported from legacy classes map
Option_Sub22,ClientOption22,core,high,approved,Imported from legacy classes map
Option_Sub23,ClientOption23,core,high,approved,Imported from legacy classes map
Option_Sub24,ClientOption24,core,high,approved,Imported from legacy classes map
Option_Sub25,ClientOption25,core,high,approved,Imported from legacy classes map
Option_Sub26,ClientOption26,core,high,approved,Imported from legacy classes map
Option_Sub27,ClientOption27,core,high,approved,Imported from legacy classes map
Option_Sub28,ClientOption28,core,high,approved,Imported from legacy classes map
Option_Sub29,ClientOption29,core,high,approved,Imported from legacy classes map
Option_Sub3,ClientOption03,core,high,approved,Imported from legacy classes map
Option_Sub4,ClientOption04,core,high,approved,Imported from legacy classes map
Option_Sub5,ClientOption05,core,high,approved,Imported from legacy classes map
Option_Sub6,ClientOption06,core,high,approved,Imported from legacy classes map
Option_Sub7,ClientOption07,core,high,approved,Imported from legacy classes map
Option_Sub8,ClientOption08,core,high,approved,Imported from legacy classes map
Option_Sub9,ClientOption09,core,high,approved,Imported from legacy classes map
OutputStream_Sub1,SceneViewportRenderer,core,high,approved,Imported from legacy classes map
OutputStream_Sub2,ScenePickBufferPool,core,high,approved,Imported from legacy classes map
PcmPlayer_Sub1,JavaSoundPcmPlayer,core,high,approved,Imported from legacy classes map
RuntimeException_Sub1,TracedRuntimeException,core,high,approved,Imported from legacy classes map
Sprite_Sub1,NativeToolkitSprite,core,high,approved,Imported from legacy classes map
Sprite_Sub2,OpenGLToolkitSprite,core,high,approved,Imported from legacy classes map
a,SafeModeThreadContext,core,high,approved,Imported from legacy classes map
aa,SpriteMask,core,high,approved,Imported from legacy classes map
aa_Sub1,OpenGLSpriteMask,core,high,approved,Imported from legacy classes map
aa_Sub2,NativeSpriteMask,core,high,approved,Imported from legacy classes map
aa_Sub3,SoftwareSpriteMask,core,high,approved,Imported from legacy classes map
ba,SafeModeAlphaMask,core,high,approved,Imported from legacy classes map
client,Client,core,high,approved,Imported from legacy classes map
d,TextureProviderApi,core,high,approved,Imported from legacy classes map
dxVertexLayout,DirectXVertexLayout,core,high,approved,Imported from legacy classes map
h,NativeFontRenderer,core,high,approved,Imported from legacy classes map
ha,Toolkit,core,high,approved,Imported from legacy classes map
ha_Sub1,SoftwareToolkit,core,high,approved,Imported from legacy classes map
ha_Sub2,OpenGLToolkit,core,high,approved,Imported from legacy classes map
ha_Sub3,NativeToolkit,core,high,approved,Imported from legacy classes map
i,SafeModeModel,core,high,approved,Imported from legacy classes map
j,SafeModeSprite,core,high,approved,Imported from legacy classes map
ja,NativeMatrix,core,high,approved,Imported from legacy classes map
n,NativePalettedFontRenderer,core,high,approved,Imported from legacy classes map
na,SafeModeSpriteMask,core,high,approved,Imported from legacy classes map
oa,SafeModeToolkit,core,high,approved,Imported from legacy classes map
p,SafeModeCanvasSurface,core,high,approved,Imported from legacy classes map
r,AlphaMask,core,high,approved,Imported from legacy classes map
r_Sub1,NativeToolkitAlphaMask,core,high,approved,Imported from legacy classes map
r_Sub2,OpenGLAlphaMask,core,high,approved,Imported from legacy classes map
s,Ground,core,high,approved,Imported from legacy classes map
s_Sub1,SoftwareGround,core,high,approved,Imported from legacy classes map
s_Sub2,OpenGLGround,core,high,approved,Imported from legacy classes map
s_Sub3,NativeToolkitGround,core,high,approved,Imported from legacy classes map
t,SafeModeGround,core,high,approved,Imported from legacy classes map
wa,NativeOffscreenSurface,core,high,approved,Imported from legacy classes map
xa,NativeDepthBuffer,core,high,approved,Imported from legacy classes map
ya,SafeModeHeap,core,high,approved,Imported from legacy classes map
za,ToolkitHeap,core,high,approved,Imported from legacy classes map
za_Sub1,NativeHeapAllocator,core,high,approved,Imported from legacy classes map
za_Sub2,NativeHeapNode,core,high,approved,Imported from legacy classes map
