kind,file,owner,member,signature,param_index,old,new,scope,phase,confidence,status,notes
local,*,*,,,,bool_0_,flag0,*,module,high,approved,
local,*,*,,,,bool_10_,flag10,*,module,high,approved,
local,*,*,,,,bool_11_,flag11,*,module,high,approved,
local,*,*,,,,bool_12_,flag12,*,module,high,approved,
local,*,*,,,,bool_13_,flag13,*,module,high,approved,
local,*,*,,,,bool_14_,flag14,*,module,high,approved,
local,*,*,,,,bool_176_,flag176,*,module,high,approved,
local,*,*,,,,bool_17_,flag17,*,module,high,approved,
local,*,*,,,,bool_18_,flag18,*,module,high,approved,
local,*,*,,,,bool_1_,flag1,*,module,high,approved,
local,*,*,,,,bool_20_,flag20,*,module,high,approved,
local,*,*,,,,bool_24_,flag24,*,module,high,approved,
local,*,*,,,,bool_25_,flag25,*,module,high,approved,
local,*,*,,,,bool_28_,flag28,*,module,high,approved,
local,*,*,,,,bool_2_,flag2,*,module,high,approved,
local,*,*,,,,bool_3_,flag3,*,module,high,approved,
local,*,*,,,,bool_40_,flag40,*,module,high,approved,
local,*,*,,,,bool_45_,flag45,*,module,high,approved,
local,*,*,,,,bool_48_,flag48,*,module,high,approved,
local,*,*,,,,bool_4_,flag4,*,module,high,approved,
local,*,*,,,,bool_51_,flag51,*,module,high,approved,
local,*,*,,,,bool_54_,flag54,*,module,high,approved,
local,*,*,,,,bool_5_,flag5,*,module,high,approved,
local,*,*,,,,bool_6_,flag6,*,module,high,approved,
local,*,*,,,,bool_75_,flag75,*,module,high,approved,
local,*,*,,,,bool_7_,flag7,*,module,high,approved,
local,*,*,,,,bool_8_,flag8,*,module,high,approved,
local,*,*,,,,bool_9_,flag9,*,module,high,approved,
local,*,*,,,,class101_16_,matrixVar16,*,module,high,approved,
local,*,*,,,,class101_49_,matrixVar49,*,module,high,approved,
local,*,*,,,,class101_52_,matrixVar52,*,module,high,approved,
local,*,*,,,,class104,openGLAlphaMaskManagerVar,*,module,high,approved,
local,*,*,,,,class105_328_,spriteVar328,*,module,high,approved,
local,*,*,,,,class105_332_,spriteVar332,*,module,high,approved,
local,*,*,,,,class105_363_,spriteVar363,*,module,high,approved,
local,*,*,,,,class105_364_,spriteVar364,*,module,high,approved,
local,*,*,,,,class105_365_,spriteVar365,*,module,high,approved,
local,*,*,,,,class105_375_,spriteVar375,*,module,high,approved,
local,*,*,,,,class105_377_,spriteVar377,*,module,high,approved,
local,*,*,,,,class105_379_,spriteVar379,*,module,high,approved,
local,*,*,,,,class105_381_,spriteVar381,*,module,high,approved,
local,*,*,,,,class105_9_,spriteVar9,*,module,high,approved,
local,*,*,,,,class106,loadingScreenElementFactoryVar,*,module,high,approved,
local,*,*,,,,class107,secondaryLinkedListVar,*,module,high,approved,
local,*,*,,,,class112,archiveDiskActionHandlerVar,*,module,high,approved,
local,*,*,,,,class113,clientScriptResourcesVar,*,module,high,approved,
local,*,*,,,,class114s,serverPacketVars,*,module,high,approved,
local,*,*,,,,class120,loadingScreenFullscreenSpriteLayoutVar,*,module,high,approved,
local,*,*,,,,class123,glVertexAttributeVar,*,module,high,approved,
local,*,*,,,,class123_279_,glVertexAttributeVar279,*,module,high,approved,
local,*,*,,,,class123_280_,glVertexAttributeVar280,*,module,high,approved,
local,*,*,,,,class123_281_,glVertexAttributeVar281,*,module,high,approved,
local,*,*,,,,class124_101_,modelDataVar101,*,module,high,approved,
local,*,*,,,,class124_16_,modelDataVar16,*,module,high,approved,
local,*,*,,,,class124_17_,modelDataVar17,*,module,high,approved,
local,*,*,,,,class124_225_,modelDataVar225,*,module,high,approved,
local,*,*,,,,class124_228_,modelDataVar228,*,module,high,approved,
local,*,*,,,,class124_240_,modelDataVar240,*,module,high,approved,
local,*,*,,,,class124_2_,modelDataVar2,*,module,high,approved,
local,*,*,,,,class124s,modelDataVars,*,module,high,approved,
local,*,*,,,,class125,tooltipLayoutVar,*,module,high,approved,
local,*,*,,,,class126,particleSystemKeyVar,*,module,high,approved,
local,*,*,,,,class126_3_,particleSystemKeyVar3,*,module,high,approved,
local,*,*,,,,class129_177_,modelParticleEmitterVar177,*,module,high,approved,
local,*,*,,,,class129_285_,modelParticleEmitterVar285,*,module,high,approved,
local,*,*,,,,class129_384_,modelParticleEmitterVar384,*,module,high,approved,
local,*,*,,,,class12_346_,textureConfigVar346,*,module,high,approved,
local,*,*,,,,class12_707_,textureConfigVar707,*,module,high,approved,
local,*,*,,,,class12_797_,textureConfigVar797,*,module,high,approved,
local,*,*,,,,class130,clientGlobalsVar,*,module,high,approved,
local,*,*,,,,class137,archiveDiskVar,*,module,high,approved,
local,*,*,,,,class137_11_,archiveDiskVar11,*,module,high,approved,
local,*,*,,,,class137_23_,archiveDiskVar23,*,module,high,approved,
local,*,*,,,,class137_3_,archiveDiskVar3,*,module,high,approved,
local,*,*,,,,class138,scriptVarTypeVar,*,module,high,approved,
local,*,*,,,,class138s,scriptVarTypeVars,*,module,high,approved,
local,*,*,,,,class139,npcListVar,*,module,high,approved,
local,*,*,,,,class141,mapSceneTypeListVar,*,module,high,approved,
local,*,*,,,,class143,fontMetricsVar,*,module,high,approved,
local,*,*,,,,class143_389_,gameFontMetricsVar389,*,module,high,approved,
local,*,*,,,,class143_391_,gameFontMetricsVar391,*,module,high,approved,
local,*,*,,,,class143_393_,gameFontMetricsVar393,*,module,high,approved,
local,*,*,,,,class146,varBitTypeVar,*,module,high,approved,
local,*,*,,,,class148,sceneEntityNodeVar,*,module,high,approved,
local,*,*,,,,class148_19_,sceneEntityNodeVar19,*,module,high,approved,
local,*,*,,,,class148_1_,sceneEntityNodeVar1,*,module,high,approved,
local,*,*,,,,class151,minimapSpriteUtilVar,*,module,high,approved,
local,*,*,,,,class152,gzipDecompressorVar,*,module,high,approved,
local,*,*,,,,class153,mapElementTypeListVar,*,module,high,approved,
local,*,*,,,,class156,secondaryLinkedListIteratorVar,*,module,high,approved,
local,*,*,,,,class158,loadingScreenTextLayoutVar,*,module,high,approved,
local,*,*,,,,class159,varPlayerTypeVar,*,module,high,approved,
local,*,*,,,,class160,varcTypeVar,*,module,high,approved,
local,*,*,,,,class161_2_,serverEndpointVar2,*,module,high,approved,
local,*,*,,,,class162,modelBillboardAttachmentVar,*,module,high,approved,
local,*,*,,,,class163,audioResamplerVar,*,module,high,approved,
local,*,*,,,,class173,byteArrayUtilVar,*,module,high,approved,
local,*,*,,,,class179,stringArrayBuilderVar,*,module,high,approved,
local,*,*,,,,class17_0_,seqTypeVar0,*,module,high,approved,
local,*,*,,,,class17_18_,seqTypeVar18,*,module,high,approved,
local,*,*,,,,class17_22_,seqTypeVar22,*,module,high,approved,
local,*,*,,,,class17_36_,seqTypeVar36,*,module,high,approved,
local,*,*,,,,class17_49_,seqTypeVar49,*,module,high,approved,
local,*,*,,,,class17_51_,seqTypeVar51,*,module,high,approved,
local,*,*,,,,class17_55_,seqTypeVar55,*,module,high,approved,
local,*,*,,,,class17_56_,seqTypeVar56,*,module,high,approved,
local,*,*,,,,class17_71_,seqTypeVar71,*,module,high,approved,
local,*,*,,,,class17_94_,seqTypeVar94,*,module,high,approved,
local,*,*,,,,class181_26_,particleEmitterTypeVar26,*,module,high,approved,
local,*,*,,,,class181_27_,particleEmitterTypeVar27,*,module,high,approved,
local,*,*,,,,class181_28_,particleEmitterTypeVar28,*,module,high,approved,
local,*,*,,,,class181_29_,particleEmitterTypeVar29,*,module,high,approved,
local,*,*,,,,class183,floorUnderlayTypeListVar,*,module,high,approved,
local,*,*,,,,class184,worldListDecoderVar,*,module,high,approved,
local,*,*,,,,class186,overheadTextTimeoutUtilVar,*,module,high,approved,
local,*,*,,,,class188,openGLNormalMapGeneratorVar,*,module,high,approved,
local,*,*,,,,class189,billboardTypeVar,*,module,high,approved,
local,*,*,,,,class19,overheadTextRendererVar,*,module,high,approved,
local,*,*,,,,class190_4_,sceneEnvironmentSettingsVar4,*,module,high,approved,
local,*,*,,,,class196,toolkitStateVar,*,module,high,approved,
local,*,*,,,,class197,audioEnvelopeVar,*,module,high,approved,
local,*,*,,,,class19s,overheadTextRendererVars,*,module,high,approved,
local,*,*,,,,class2,modelWithShadowVar,*,module,high,approved,
local,*,*,,,,class202,bufferedSocketVar,*,module,high,approved,
local,*,*,,,,class206,openGLFramebufferVar,*,module,high,approved,
local,*,*,,,,class207_29_,indexedSpriteVar29,*,module,high,approved,
local,*,*,,,,class207s,indexedSpriteVars,*,module,high,approved,
local,*,*,,,,class209,musicStreamGlobalsVar,*,module,high,approved,
local,*,*,,,,class21,spriteResourcesVar,*,module,high,approved,
local,*,*,,,,class213_10_,itemTypeVar10,*,module,high,approved,
local,*,*,,,,class213_1_,itemTypeVar1,*,module,high,approved,
local,*,*,,,,class213_2_,itemTypeVar2,*,module,high,approved,
local,*,*,,,,class213_94_,itemTypeVar94,*,module,high,approved,
local,*,*,,,,class213_95_,itemTypeVar95,*,module,high,approved,
local,*,*,,,,class213_9_,itemTypeVar9,*,module,high,approved,
local,*,*,,,,class216,floatGridVar,*,module,high,approved,
local,*,*,,,,class218,mapSceneTypeVar,*,module,high,approved,
local,*,*,,,,class221,horizontalAlignmentVar,*,module,high,approved,
local,*,*,,,,class221s,horizontalAlignmentVars,*,module,high,approved,
local,*,*,,,,class222,cursorTypeVar,*,module,high,approved,
local,*,*,,,,class223,ambientSoundManagerVar,*,module,high,approved,
local,*,*,,,,class223s,ambientSoundManagerVars,*,module,high,approved,
local,*,*,,,,class227,windowModeVar,*,module,high,approved,
local,*,*,,,,class227s,windowModeVars,*,module,high,approved,
local,*,*,,,,class229,gameClockFactoryVar,*,module,high,approved,
local,*,*,,,,class229_129_,gameClockFactoryVar129,*,module,high,approved,
local,*,*,,,,class22_133_,floorUnderlayTypeVar133,*,module,high,approved,
local,*,*,,,,class22_134_,floorUnderlayTypeVar134,*,module,high,approved,
local,*,*,,,,class22_135_,floorUnderlayTypeVar135,*,module,high,approved,
local,*,*,,,,class22_136_,floorUnderlayTypeVar136,*,module,high,approved,
local,*,*,,,,class230,modeGameVar,*,module,high,approved,
local,*,*,,,,class231,modeWhatVar,*,module,high,approved,
local,*,*,,,,class231s,modeWhatVars,*,module,high,approved,
local,*,*,,,,class232s,openGLAlphaMaskTileVars,*,module,high,approved,
local,*,*,,,,class234,fileOnDiskVar,*,module,high,approved,
local,*,*,,,,class239,clientPreferenceVar,*,module,high,approved,
local,*,*,,,,class23_47_,musicPatchNode2Var47,*,module,high,approved,
local,*,*,,,,class23_53_,musicPatchNode2Var53,*,module,high,approved,
local,*,*,,,,class23_56_,musicPatchNode2Var56,*,module,high,approved,
local,*,*,,,,class23_85_,musicPatchNode2Var85,*,module,high,approved,
local,*,*,,,,class23_88_,musicPatchNode2Var88,*,module,high,approved,
local,*,*,,,,class23_90_,musicPatchNode2Var90,*,module,high,approved,
local,*,*,,,,class242,openGLShaderVar,*,module,high,approved,
local,*,*,,,,class242_4_,openGLShaderVar4,*,module,high,approved,
local,*,*,,,,class242_6_,openGLShaderVar6,*,module,high,approved,
local,*,*,,,,class242s,openGLShaderVars,*,module,high,approved,
local,*,*,,,,class248,js5NetQueueVar,*,module,high,approved,
local,*,*,,,,class25,skyBoxSphereTypeListVar,*,module,high,approved,
local,*,*,,,,class251,widgetRedrawVar,*,module,high,approved,
local,*,*,,,,class252,worldMapElementListVar,*,module,high,approved,
local,*,*,,,,class253,lightTypeVar,*,module,high,approved,
local,*,*,,,,class255,itemTypeListVar,*,module,high,approved,
local,*,*,,,,class258,openGLTextureVar,*,module,high,approved,
local,*,*,,,,class258_156_,openGLTextureVar156,*,module,high,approved,
local,*,*,,,,class26,soundCacheVar,*,module,high,approved,
local,*,*,,,,class261,basTypeListVar,*,module,high,approved,
local,*,*,,,,class262,nodeDequeVar,*,module,high,approved,
local,*,*,,,,class262_0_,nodeDequeVar0,*,module,high,approved,
local,*,*,,,,class262_1_,nodeDequeVar1,*,module,high,approved,
local,*,*,,,,class263,objectTypeListVar,*,module,high,approved,
local,*,*,,,,class267,resourceSlotVar,*,module,high,approved,
local,*,*,,,,class267s,resourceSlotVars,*,module,high,approved,
local,*,*,,,,class268,floorOverlayTypeListVar,*,module,high,approved,
local,*,*,,,,class269,waterNormalMapResourcesVar,*,module,high,approved,
local,*,*,,,,class272,sockFactoryVar,*,module,high,approved,
local,*,*,,,,class273,clientScriptTriggerVar,*,module,high,approved,
local,*,*,,,,class274,localisedTextVar,*,module,high,approved,
local,*,*,,,,class274_1_,localisedTextVar1,*,module,high,approved,
local,*,*,,,,class274_5_,localisedTextVar5,*,module,high,approved,
local,*,*,,,,class276,vorbisMappingVar,*,module,high,approved,
local,*,*,,,,class277_10_,floorOverlayTypeVar10,*,module,high,approved,
local,*,*,,,,class277_15_,floorOverlayTypeVar15,*,module,high,approved,
local,*,*,,,,class277_20_,floorOverlayTypeVar20,*,module,high,approved,
local,*,*,,,,class277_25_,floorOverlayTypeVar25,*,module,high,approved,
local,*,*,,,,class277_30_,floorOverlayTypeVar30,*,module,high,approved,
local,*,*,,,,class277_38_,floorOverlayTypeVar38,*,module,high,approved,
local,*,*,,,,class277_46_,floorOverlayTypeVar46,*,module,high,approved,
local,*,*,,,,class277_54_,floorOverlayTypeVar54,*,module,high,approved,
local,*,*,,,,class277_83_,floorOverlayTypeVar83,*,module,high,approved,
local,*,*,,,,class278,npcTypeListVar,*,module,high,approved,
local,*,*,,,,class279,pcmPlayerVar,*,module,high,approved,
local,*,*,,,,class283,rendererUpdateTrackerVar,*,module,high,approved,
local,*,*,,,,class284,renderBenchmarkVar,*,module,high,approved,
local,*,*,,,,class284_0_,renderBenchmarkVar0,*,module,high,approved,
local,*,*,,,,class287,clientHashAndSoundUtilVar,*,module,high,approved,
local,*,*,,,,class288,loadingScreenSpriteLayoutVar,*,module,high,approved,
local,*,*,,,,class293,toolkitWorkerThreadVar,*,module,high,approved,
local,*,*,,,,class295,tileRotation8x8Var,*,module,high,approved,
local,*,*,,,,class296,huffmanVar,*,module,high,approved,
local,*,*,,,,class297,signLinkVar,*,module,high,approved,
local,*,*,,,,class299,inboundPacketBufferVar,*,module,high,approved,
local,*,*,,,,class299_154_,inboundPacketBufferVar154,*,module,high,approved,
local,*,*,,,,class299_155_,inboundPacketBufferVar155,*,module,high,approved,
local,*,*,,,,class299_203_,inboundPacketBufferVar203,*,module,high,approved,
local,*,*,,,,class299_204_,inboundPacketBufferVar204,*,module,high,approved,
local,*,*,,,,class299_24_,inboundPacketBufferVar24,*,module,high,approved,
local,*,*,,,,class299_25_,inboundPacketBufferVar25,*,module,high,approved,
local,*,*,,,,class299_305_,inboundPacketBufferVar305,*,module,high,approved,
local,*,*,,,,class299_306_,inboundPacketBufferVar306,*,module,high,approved,
local,*,*,,,,class299_32_,inboundPacketBufferVar32,*,module,high,approved,
local,*,*,,,,class299_33_,inboundPacketBufferVar33,*,module,high,approved,
local,*,*,,,,class299_524_,inboundPacketBufferVar524,*,module,high,approved,
local,*,*,,,,class299_525_,inboundPacketBufferVar525,*,module,high,approved,
local,*,*,,,,class29s,intKeyVars,*,module,high,approved,
local,*,*,,,,class30,boundingCylinderVar,*,module,high,approved,
local,*,*,,,,class305,skyBoxVar,*,module,high,approved,
local,*,*,,,,class305_5_,skyBoxVar5,*,module,high,approved,
local,*,*,,,,class312,dequeIteratorVar,*,module,high,approved,
local,*,*,,,,class314,js5ArchiveProviderVar,*,module,high,approved,
local,*,*,,,,class315,toolkitWorkQueueVar,*,module,high,approved,
local,*,*,,,,class317,soundEffectVar,*,module,high,approved,
local,*,*,,,,class318_0_,doublyLinkedNodeVar0,*,module,high,approved,
local,*,*,,,,class31_349_,hitmarkTypeVar349,*,module,high,approved,
local,*,*,,,,class321,questTypeVar,*,module,high,approved,
local,*,*,,,,class323,worldMapFontVar,*,module,high,approved,
local,*,*,,,,class324,fontRendererVar,*,module,high,approved,
local,*,*,,,,class324_387_,fontRendererVar387,*,module,high,approved,
local,*,*,,,,class324_390_,fontRendererVar390,*,module,high,approved,
local,*,*,,,,class324_392_,fontRendererVar392,*,module,high,approved,
local,*,*,,,,class325,vertexElementTypeVar,*,module,high,approved,
local,*,*,,,,class325s,vertexElementTypeVars,*,module,high,approved,
local,*,*,,,,class326,paramTypeListVar,*,module,high,approved,
local,*,*,,,,class330,nativeToolkitAlphaMaskManagerVar,*,module,high,approved,
local,*,*,,,,class333,hashTableIteratorVar,*,module,high,approved,
local,*,*,,,,class334_0_,platformUtilVar0,*,module,high,approved,
local,*,*,,,,class339,newsFetcherVar,*,module,high,approved,
local,*,*,,,,class34,idkTypeVar,*,module,high,approved,
local,*,*,,,,class341,verticalAlignmentVar,*,module,high,approved,
local,*,*,,,,class341s,verticalAlignmentVars,*,module,high,approved,
local,*,*,,,,class342,particleEffectorConfigVar,*,module,high,approved,
local,*,*,,,,class342_178_,particleEffectorConfigVar178,*,module,high,approved,
local,*,*,,,,class342_286_,particleEffectorConfigVar286,*,module,high,approved,
local,*,*,,,,class342_385_,particleEffectorConfigVar385,*,module,high,approved,
local,*,*,,,,class342_76_,particleEffectorConfigVar76,*,module,high,approved,
local,*,*,,,,class342s,particleEffectorConfigVars,*,module,high,approved,
local,*,*,,,,class343,vorbisResidueVar,*,module,high,approved,
local,*,*,,,,class344,byteArrayCopierVar,*,module,high,approved,
local,*,*,,,,class348_0_,nodeVar0,*,module,high,approved,
local,*,*,,,,class348_10_,nodeVar10,*,module,high,approved,
local,*,*,,,,class348_2_,nodeVar2,*,module,high,approved,
local,*,*,,,,class348_39_,nodeVar39,*,module,high,approved,
local,*,*,,,,class348_3_,nodeVar3,*,module,high,approved,
local,*,*,,,,class348_6_,nodeVar6,*,module,high,approved,
local,*,*,,,,class348_7_,nodeVar7,*,module,high,approved,
local,*,*,,,,class348_9_,nodeVar9,*,module,high,approved,
local,*,*,,,,class348s,nodeVars,*,module,high,approved,
local,*,*,,,,class350_3_,modelBillboardTransformVar3,*,module,high,approved,
local,*,*,,,,class351,clientPacketVar,*,module,high,approved,
local,*,*,,,,class351,clientPacketVar,*,module,high,approved,
local,*,*,,,,class352,groundItemPileCacheVar,*,module,high,approved,
local,*,*,,,,class356,hashTableVar,*,module,high,approved,
local,*,*,,,,class357_29_,sceneTileVar29,*,module,high,approved,
local,*,*,,,,class357_2_,sceneTileVar2,*,module,high,approved,
local,*,*,,,,class357_45_,sceneTileVar45,*,module,high,approved,
local,*,*,,,,class358,modelTextureProjectionDataVar,*,module,high,approved,
local,*,*,,,,class359,loginScreenResourcesVar,*,module,high,approved,
local,*,*,,,,class360_0_,softwareVertexNormalAccumulatorVar0,*,module,high,approved,
local,*,*,,,,class360_594_,softwareVertexNormalAccumulatorVar594,*,module,high,approved,
local,*,*,,,,class360_595_,softwareVertexNormalAccumulatorVar595,*,module,high,approved,
local,*,*,,,,class360_596_,softwareVertexNormalAccumulatorVar596,*,module,high,approved,
local,*,*,,,,class364,gameBuildVar,*,module,high,approved,
local,*,*,,,,class364s,gameBuildVars,*,module,high,approved,
local,*,*,,,,class365,rendererInfoVar,*,module,high,approved,
local,*,*,,,,class366,directXVertexBufferVar,*,module,high,approved,
local,*,*,,,,class368_48_,gfxTypeVar48,*,module,high,approved,
local,*,*,,,,class368_55_,gfxTypeVar55,*,module,high,approved,
local,*,*,,,,class368_93_,gfxTypeVar93,*,module,high,approved,
local,*,*,,,,class369,uiLayoutVar,*,module,high,approved,
local,*,*,,,,class370,vorbisCodebookVar,*,module,high,approved,
local,*,*,,,,class377,openGLNativeToolkitVar,*,module,high,approved,
local,*,*,,,,class378,directXNativeToolkitVar,*,module,high,approved,
local,*,*,,,,class378_19_,directXNativeToolkitVar19,*,module,high,approved,
local,*,*,,,,class38,devConsoleVar,*,module,high,approved,
local,*,*,,,,class39,openGLResourceHandleVar,*,module,high,approved,
local,*,*,,,,class39_13_,openGLResourceHandleVar13,*,module,high,approved,
local,*,*,,,,class39s,openGLResourceHandleVars,*,module,high,approved,
local,*,*,,,,class41,faceNormalVar,*,module,high,approved,
local,*,*,,,,class41_0_,faceNormalVar0,*,module,high,approved,
local,*,*,,,,class43,clientCookieUtilVar,*,module,high,approved,
local,*,*,,,,class45_0_,js5ArchiveVar0,*,module,high,approved,
local,*,*,,,,class45_10_,js5ArchiveVar10,*,module,high,approved,
local,*,*,,,,class45_12_,js5ArchiveVar12,*,module,high,approved,
local,*,*,,,,class45_13_,js5ArchiveVar13,*,module,high,approved,
local,*,*,,,,class45_15_,js5ArchiveVar15,*,module,high,approved,
local,*,*,,,,class45_17_,js5ArchiveVar17,*,module,high,approved,
local,*,*,,,,class45_1_,js5ArchiveVar1,*,module,high,approved,
local,*,*,,,,class45_22_,js5ArchiveVar22,*,module,high,approved,
local,*,*,,,,class45_29_,js5ArchiveVar29,*,module,high,approved,
local,*,*,,,,class45_3_,js5ArchiveVar3,*,module,high,approved,
local,*,*,,,,class45_4_,js5ArchiveVar4,*,module,high,approved,
local,*,*,,,,class45_5_,js5ArchiveVar5,*,module,high,approved,
local,*,*,,,,class45_6_,js5ArchiveVar6,*,module,high,approved,
local,*,*,,,,class45_7_,js5ArchiveVar7,*,module,high,approved,
local,*,*,,,,class45_9_,js5ArchiveVar9,*,module,high,approved,
local,*,*,,,,class46_0_,widgetVar0,*,module,high,approved,
local,*,*,,,,class46_106_,widgetVar106,*,module,high,approved,
local,*,*,,,,class46_107_,widgetVar107,*,module,high,approved,
local,*,*,,,,class46_108_,widgetVar108,*,module,high,approved,
local,*,*,,,,class46_14_,widgetVar14,*,module,high,approved,
local,*,*,,,,class46_1_,widgetVar1,*,module,high,approved,
local,*,*,,,,class46_251_,widgetVar251,*,module,high,approved,
local,*,*,,,,class46_252_,widgetVar252,*,module,high,approved,
local,*,*,,,,class46_27_,widgetVar27,*,module,high,approved,
local,*,*,,,,class46_28_,widgetVar28,*,module,high,approved,
local,*,*,,,,class46_294_,widgetVar294,*,module,high,approved,
local,*,*,,,,class46_297_,widgetVar297,*,module,high,approved,
local,*,*,,,,class46_29_,widgetVar29,*,module,high,approved,
local,*,*,,,,class46_2_,widgetVar2,*,module,high,approved,
local,*,*,,,,class46_69_,widgetVar69,*,module,high,approved,
local,*,*,,,,class46_9_,widgetVar9,*,module,high,approved,
local,*,*,,,,class48_7_,loginRequestSenderVar7,*,module,high,approved,
local,*,*,,,,class49,softwareOffscreenSurfaceVar,*,module,high,approved,
local,*,*,,,,class4_112_,animFrameVar112,*,module,high,approved,
local,*,*,,,,class4_113_,animFrameVar113,*,module,high,approved,
local,*,*,,,,class4_114_,animFrameVar114,*,module,high,approved,
local,*,*,,,,class4_47_,animFrameVar47,*,module,high,approved,
local,*,*,,,,class4_89_,animFrameVar89,*,module,high,approved,
local,*,*,,,,class4_8_,animFrameVar8,*,module,high,approved,
local,*,*,,,,class50,rasterizerCommandVar,*,module,high,approved,
local,*,*,,,,class51_1_,objectTypeVar1,*,module,high,approved,
local,*,*,,,,class51_2_,objectTypeVar2,*,module,high,approved,
local,*,*,,,,class51_42_,objectTypeVar42,*,module,high,approved,
local,*,*,,,,class52,loadingScreenSolidFillLayoutVar,*,module,high,approved,
local,*,*,,,,class53,directXSwapChainVar,*,module,high,approved,
local,*,*,,,,class56,loadingStageVar,*,module,high,approved,
local,*,*,,,,class57_5_,clientDisplayModeVar5,*,module,high,approved,
local,*,*,,,,class58,vertexLayoutVar,*,module,high,approved,
local,*,*,,,,class58s,vertexLayoutVars,*,module,high,approved,
local,*,*,,,,class64_13_,modelVar13,*,module,high,approved,
local,*,*,,,,class64_27_,modelVar27,*,module,high,approved,
local,*,*,,,,class64_35_,modelVar35,*,module,high,approved,
local,*,*,,,,class64_37_,modelVar37,*,module,high,approved,
local,*,*,,,,class64_38_,modelVar38,*,module,high,approved,
local,*,*,,,,class64_41_,modelVar41,*,module,high,approved,
local,*,*,,,,class64_42_,modelVar42,*,module,high,approved,
local,*,*,,,,class64_46_,modelVar46,*,module,high,approved,
local,*,*,,,,class64_51_,modelVar51,*,module,high,approved,
local,*,*,,,,class64_53_,modelVar53,*,module,high,approved,
local,*,*,,,,class64_61_,modelVar61,*,module,high,approved,
local,*,*,,,,class64_65_,modelVar65,*,module,high,approved,
local,*,*,,,,class64_66_,modelVar66,*,module,high,approved,
local,*,*,,,,class64_6_,modelVar6,*,module,high,approved,
local,*,*,,,,class64_77_,modelVar77,*,module,high,approved,
local,*,*,,,,class64_80_,modelVar80,*,module,high,approved,
local,*,*,,,,class64_82_,modelVar82,*,module,high,approved,
local,*,*,,,,class64_88_,modelVar88,*,module,high,approved,
local,*,*,,,,class64_91_,modelVar91,*,module,high,approved,
local,*,*,,,,class68,indexElementTypeVar,*,module,high,approved,
local,*,*,,,,class69,secondaryLinkedNodeUtilVar,*,module,high,approved,
local,*,*,,,,class70,trigTablesVar,*,module,high,approved,
local,*,*,,,,class72,skyBoxSphereVar,*,module,high,approved,
local,*,*,,,,class72_0_,skyBoxSphereVar0,*,module,high,approved,
local,*,*,,,,class72_19_,skyBoxSphereVar19,*,module,high,approved,
local,*,*,,,,class72_31_,skyBoxSphereVar31,*,module,high,approved,
local,*,*,,,,class72_60_,skyBoxSphereVar60,*,module,high,approved,
local,*,*,,,,class72s,skyBoxSphereVars,*,module,high,approved,
local,*,*,,,,class76,scenePickBufferQueueVar,*,module,high,approved,
local,*,*,,,,class77,isaacCipherVar,*,module,high,approved,
local,*,*,,,,class78,bufferedFileVar,*,module,high,approved,
local,*,*,,,,class78_26_,bufferedFileVar26,*,module,high,approved,
local,*,*,,,,class79_1_,npcTypeVar1,*,module,high,approved,
local,*,*,,,,class79_42_,npcTypeVar42,*,module,high,approved,
local,*,*,,,,class79_98_,npcTypeVar98,*,module,high,approved,
local,*,*,,,,class83,waterNoiseTextureSetVar,*,module,high,approved,
local,*,*,,,,class84,skyBoxTypeListVar,*,module,high,approved,
local,*,*,,,,class85,whirlpoolDigestVar,*,module,high,approved,
local,*,*,,,,class97,nativeAlphaMaskTileVar,*,module,high,approved,
local,*,*,,,,class97s,nativeAlphaMaskTileVars,*,module,high,approved,
local,*,*,,,,class98,base64Var,*,module,high,approved,
local,*,*,,,,interface1,loadingScreenElementVar,*,module,high,approved,
local,*,*,,,,interface10,groundAlphaMaskProjectorVar,*,module,high,approved,
local,*,*,,,,interface10_42_,groundAlphaMaskProjectorVar42,*,module,high,approved,
local,*,*,,,,interface11,framebufferVar,*,module,high,approved,
local,*,*,,,,interface12,loadingScreenLayoutVar,*,module,high,approved,
local,*,*,,,,interface13,depthBufferVar,*,module,high,approved,
local,*,*,,,,interface14,cacheKeyVar,*,module,high,approved,
local,*,*,,,,interface14_0_,cacheKeyVar0,*,module,high,approved,
local,*,*,,,,interface15,scriptVarFormatterVar,*,module,high,approved,
local,*,*,,,,interface16,loadingScreenVar,*,module,high,approved,
local,*,*,,,,interface16s,loadingScreenVars,*,module,high,approved,
local,*,*,,,,interface17,varDomainVar,*,module,high,approved,
local,*,*,,,,interface18,gpuTextureVar,*,module,high,approved,
local,*,*,,,,interface19,disposableResourceVar,*,module,high,approved,
local,*,*,,,,interface1s,loadingScreenElementVars,*,module,high,approved,
local,*,*,,,,interface2,glArrayBufferVar,*,module,high,approved,
local,*,*,,,,interface3,spriteHandleVar,*,module,high,approved,
local,*,*,,,,interface4,offscreenSurfaceVar,*,module,high,approved,
local,*,*,,,,interface6,keyEventRecordVar,*,module,high,approved,
local,*,*,,,,interface7,loadProgressTaskVar,*,module,high,approved,
local,*,*,,,,interface8,glElementArrayBufferVar,*,module,high,approved,
local,*,*,,,,is_0_,array0,*,module,high,approved,
local,*,*,,,,is_1006_,array1006,*,module,high,approved,
local,*,*,,,,is_101_,array101,*,module,high,approved,
local,*,*,,,,is_102_,array102,*,module,high,approved,
local,*,*,,,,is_103_,array103,*,module,high,approved,
local,*,*,,,,is_1059_,array1059,*,module,high,approved,
local,*,*,,,,is_105_,array105,*,module,high,approved,
local,*,*,,,,is_106_,array106,*,module,high,approved,
local,*,*,,,,is_107_,array107,*,module,high,approved,
local,*,*,,,,is_1083_,array1083,*,module,high,approved,
local,*,*,,,,is_1084_,array1084,*,module,high,approved,
local,*,*,,,,is_108_,array108,*,module,high,approved,
local,*,*,,,,is_109_,array109,*,module,high,approved,
local,*,*,,,,is_10_,array10,*,module,high,approved,
local,*,*,,,,is_110_,array110,*,module,high,approved,
local,*,*,,,,is_111_,array111,*,module,high,approved,
local,*,*,,,,is_112_,array112,*,module,high,approved,
local,*,*,,,,is_1133_,array1133,*,module,high,approved,
local,*,*,,,,is_114_,array114,*,module,high,approved,
local,*,*,,,,is_115_,array115,*,module,high,approved,
local,*,*,,,,is_116_,array116,*,module,high,approved,
local,*,*,,,,is_117_,array117,*,module,high,approved,
local,*,*,,,,is_118_,array118,*,module,high,approved,
local,*,*,,,,is_119_,array119,*,module,high,approved,
local,*,*,,,,is_11_,array11,*,module,high,approved,
local,*,*,,,,is_1207_,array1207,*,module,high,approved,
local,*,*,,,,is_121_,array121,*,module,high,approved,
local,*,*,,,,is_123_,array123,*,module,high,approved,
local,*,*,,,,is_128_,array128,*,module,high,approved,
local,*,*,,,,is_129_,array129,*,module,high,approved,
local,*,*,,,,is_12_,array12,*,module,high,approved,
local,*,*,,,,is_130_,array130,*,module,high,approved,
local,*,*,,,,is_134_,array134,*,module,high,approved,
local,*,*,,,,is_135_,array135,*,module,high,approved,
local,*,*,,,,is_136_,array136,*,module,high,approved,
local,*,*,,,,is_137_,array137,*,module,high,approved,
local,*,*,,,,is_139_,array139,*,module,high,approved,
local,*,*,,,,is_13_,array13,*,module,high,approved,
local,*,*,,,,is_142_,array142,*,module,high,approved,
local,*,*,,,,is_143_,array143,*,module,high,approved,
local,*,*,,,,is_144_,array144,*,module,high,approved,
local,*,*,,,,is_147_,array147,*,module,high,approved,
local,*,*,,,,is_149_,array149,*,module,high,approved,
local,*,*,,,,is_14_,array14,*,module,high,approved,
local,*,*,,,,is_151_,array151,*,module,high,approved,
local,*,*,,,,is_157_,array157,*,module,high,approved,
local,*,*,,,,is_15_,array15,*,module,high,approved,
local,*,*,,,,is_168_,array168,*,module,high,approved,
local,*,*,,,,is_169_,array169,*,module,high,approved,
local,*,*,,,,is_16_,array16,*,module,high,approved,
local,*,*,,,,is_170_,array170,*,module,high,approved,
local,*,*,,,,is_171_,array171,*,module,high,approved,
local,*,*,,,,is_172_,array172,*,module,high,approved,
local,*,*,,,,is_173_,array173,*,module,high,approved,
local,*,*,,,,is_174_,array174,*,module,high,approved,
local,*,*,,,,is_176_,array176,*,module,high,approved,
local,*,*,,,,is_177_,array177,*,module,high,approved,
local,*,*,,,,is_178_,array178,*,module,high,approved,
local,*,*,,,,is_179_,array179,*,module,high,approved,
local,*,*,,,,is_17_,array17,*,module,high,approved,
local,*,*,,,,is_180_,array180,*,module,high,approved,
local,*,*,,,,is_181_,array181,*,module,high,approved,
local,*,*,,,,is_182_,array182,*,module,high,approved,
local,*,*,,,,is_183_,array183,*,module,high,approved,
local,*,*,,,,is_185_,array185,*,module,high,approved,
local,*,*,,,,is_186_,array186,*,module,high,approved,
local,*,*,,,,is_187_,array187,*,module,high,approved,
local,*,*,,,,is_188_,array188,*,module,high,approved,
local,*,*,,,,is_189_,array189,*,module,high,approved,
local,*,*,,,,is_18_,array18,*,module,high,approved,
local,*,*,,,,is_190_,array190,*,module,high,approved,
local,*,*,,,,is_191_,array191,*,module,high,approved,
local,*,*,,,,is_192_,array192,*,module,high,approved,
local,*,*,,,,is_193_,array193,*,module,high,approved,
local,*,*,,,,is_194_,array194,*,module,high,approved,
local,*,*,,,,is_195_,array195,*,module,high,approved,
local,*,*,,,,is_196_,array196,*,module,high,approved,
local,*,*,,,,is_197_,array197,*,module,high,approved,
local,*,*,,,,is_198_,array198,*,module,high,approved,
local,*,*,,,,is_199_,array199,*,module,high,approved,
local,*,*,,,,is_19_,array19,*,module,high,approved,
local,*,*,,,,is_1_,array1,*,module,high,approved,
local,*,*,,,,is_200_,array200,*,module,high,approved,
local,*,*,,,,is_201_,array201,*,module,high,approved,
local,*,*,,,,is_202_,array202,*,module,high,approved,
local,*,*,,,,is_203_,array203,*,module,high,approved,
local,*,*,,,,is_204_,array204,*,module,high,approved,
local,*,*,,,,is_205_,array205,*,module,high,approved,
local,*,*,,,,is_206_,array206,*,module,high,approved,
local,*,*,,,,is_207_,array207,*,module,high,approved,
local,*,*,,,,is_20_,array20,*,module,high,approved,
local,*,*,,,,is_211_,array211,*,module,high,approved,
local,*,*,,,,is_216_,array216,*,module,high,approved,
local,*,*,,,,is_21_,array21,*,module,high,approved,
local,*,*,,,,is_220_,array220,*,module,high,approved,
local,*,*,,,,is_223_,array223,*,module,high,approved,
local,*,*,,,,is_225_,array225,*,module,high,approved,
local,*,*,,,,is_229_,array229,*,module,high,approved,
local,*,*,,,,is_22_,array22,*,module,high,approved,
local,*,*,,,,is_230_,array230,*,module,high,approved,
local,*,*,,,,is_233_,array233,*,module,high,approved,
local,*,*,,,,is_235_,array235,*,module,high,approved,
local,*,*,,,,is_238_,array238,*,module,high,approved,
local,*,*,,,,is_239_,array239,*,module,high,approved,
local,*,*,,,,is_23_,array23,*,module,high,approved,
local,*,*,,,,is_240_,array240,*,module,high,approved,
local,*,*,,,,is_241_,array241,*,module,high,approved,
local,*,*,,,,is_243_,array243,*,module,high,approved,
local,*,*,,,,is_247_,array247,*,module,high,approved,
local,*,*,,,,is_248_,array248,*,module,high,approved,
local,*,*,,,,is_249_,array249,*,module,high,approved,
local,*,*,,,,is_24_,array24,*,module,high,approved,
local,*,*,,,,is_250_,array250,*,module,high,approved,
local,*,*,,,,is_251_,array251,*,module,high,approved,
local,*,*,,,,is_253_,array253,*,module,high,approved,
local,*,*,,,,is_255_,array255,*,module,high,approved,
local,*,*,,,,is_256_,array256,*,module,high,approved,
local,*,*,,,,is_25_,array25,*,module,high,approved,
local,*,*,,,,is_262_,array262,*,module,high,approved,
local,*,*,,,,is_263_,array263,*,module,high,approved,
local,*,*,,,,is_266_,array266,*,module,high,approved,
local,*,*,,,,is_269_,array269,*,module,high,approved,
local,*,*,,,,is_26_,array26,*,module,high,approved,
local,*,*,,,,is_273_,array273,*,module,high,approved,
local,*,*,,,,is_275_,array275,*,module,high,approved,
local,*,*,,,,is_277_,array277,*,module,high,approved,
local,*,*,,,,is_278_,array278,*,module,high,approved,
local,*,*,,,,is_279_,array279,*,module,high,approved,
local,*,*,,,,is_27_,array27,*,module,high,approved,
local,*,*,,,,is_281_,array281,*,module,high,approved,
local,*,*,,,,is_283_,array283,*,module,high,approved,
local,*,*,,,,is_287_,array287,*,module,high,approved,
local,*,*,,,,is_28_,array28,*,module,high,approved,
local,*,*,,,,is_292_,array292,*,module,high,approved,
local,*,*,,,,is_293_,array293,*,module,high,approved,
local,*,*,,,,is_297_,array297,*,module,high,approved,
local,*,*,,,,is_299_,array299,*,module,high,approved,
local,*,*,,,,is_29_,array29,*,module,high,approved,
local,*,*,,,,is_2_,array2,*,module,high,approved,
local,*,*,,,,is_301_,array301,*,module,high,approved,
local,*,*,,,,is_302_,array302,*,module,high,approved,
local,*,*,,,,is_303_,array303,*,module,high,approved,
local,*,*,,,,is_305_,array305,*,module,high,approved,
local,*,*,,,,is_307_,array307,*,module,high,approved,
local,*,*,,,,is_308_,array308,*,module,high,approved,
local,*,*,,,,is_30_,array30,*,module,high,approved,
local,*,*,,,,is_311_,array311,*,module,high,approved,
local,*,*,,,,is_313_,array313,*,module,high,approved,
local,*,*,,,,is_316_,array316,*,module,high,approved,
local,*,*,,,,is_317_,array317,*,module,high,approved,
local,*,*,,,,is_318_,array318,*,module,high,approved,
local,*,*,,,,is_31_,array31,*,module,high,approved,
local,*,*,,,,is_32_,array32,*,module,high,approved,
local,*,*,,,,is_334_,array334,*,module,high,approved,
local,*,*,,,,is_338_,array338,*,module,high,approved,
local,*,*,,,,is_339_,array339,*,module,high,approved,
local,*,*,,,,is_33_,array33,*,module,high,approved,
local,*,*,,,,is_340_,array340,*,module,high,approved,
local,*,*,,,,is_34_,array34,*,module,high,approved,
local,*,*,,,,is_358_,array358,*,module,high,approved,
local,*,*,,,,is_35_,array35,*,module,high,approved,
local,*,*,,,,is_36_,array36,*,module,high,approved,
local,*,*,,,,is_376_,array376,*,module,high,approved,
local,*,*,,,,is_37_,array37,*,module,high,approved,
local,*,*,,,,is_38_,array38,*,module,high,approved,
local,*,*,,,,is_394_,array394,*,module,high,approved,
local,*,*,,,,is_399_,array399,*,module,high,approved,
local,*,*,,,,is_39_,array39,*,module,high,approved,
local,*,*,,,,is_3_,array3,*,module,high,approved,
local,*,*,,,,is_400_,array400,*,module,high,approved,
local,*,*,,,,is_404_,array404,*,module,high,approved,
local,*,*,,,,is_40_,array40,*,module,high,approved,
local,*,*,,,,is_416_,array416,*,module,high,approved,
local,*,*,,,,is_418_,array418,*,module,high,approved,
local,*,*,,,,is_419_,array419,*,module,high,approved,
local,*,*,,,,is_41_,array41,*,module,high,approved,
local,*,*,,,,is_420_,array420,*,module,high,approved,
local,*,*,,,,is_426_,array426,*,module,high,approved,
local,*,*,,,,is_429_,array429,*,module,high,approved,
local,*,*,,,,is_42_,array42,*,module,high,approved,
local,*,*,,,,is_430_,array430,*,module,high,approved,
local,*,*,,,,is_432_,array432,*,module,high,approved,
local,*,*,,,,is_433_,array433,*,module,high,approved,
local,*,*,,,,is_438_,array438,*,module,high,approved,
local,*,*,,,,is_439_,array439,*,module,high,approved,
local,*,*,,,,is_43_,array43,*,module,high,approved,
local,*,*,,,,is_447_,array447,*,module,high,approved,
local,*,*,,,,is_44_,array44,*,module,high,approved,
local,*,*,,,,is_452_,array452,*,module,high,approved,
local,*,*,,,,is_459_,array459,*,module,high,approved,
local,*,*,,,,is_45_,array45,*,module,high,approved,
local,*,*,,,,is_460_,array460,*,module,high,approved,
local,*,*,,,,is_466_,array466,*,module,high,approved,
local,*,*,,,,is_469_,array469,*,module,high,approved,
local,*,*,,,,is_46_,array46,*,module,high,approved,
local,*,*,,,,is_473_,array473,*,module,high,approved,
local,*,*,,,,is_477_,array477,*,module,high,approved,
local,*,*,,,,is_47_,array47,*,module,high,approved,
local,*,*,,,,is_487_,array487,*,module,high,approved,
local,*,*,,,,is_488_,array488,*,module,high,approved,
local,*,*,,,,is_489_,array489,*,module,high,approved,
local,*,*,,,,is_48_,array48,*,module,high,approved,
local,*,*,,,,is_490_,array490,*,module,high,approved,
local,*,*,,,,is_491_,array491,*,module,high,approved,
local,*,*,,,,is_492_,array492,*,module,high,approved,
local,*,*,,,,is_493_,array493,*,module,high,approved,
local,*,*,,,,is_494_,array494,*,module,high,approved,
local,*,*,,,,is_495_,array495,*,module,high,approved,
local,*,*,,,,is_496_,array496,*,module,high,approved,
local,*,*,,,,is_497_,array497,*,module,high,approved,
local,*,*,,,,is_498_,array498,*,module,high,approved,
local,*,*,,,,is_499_,array499,*,module,high,approved,
local,*,*,,,,is_49_,array49,*,module,high,approved,
local,*,*,,,,is_4_,array4,*,module,high,approved,
local,*,*,,,,is_500_,array500,*,module,high,approved,
local,*,*,,,,is_501_,array501,*,module,high,approved,
local,*,*,,,,is_502_,array502,*,module,high,approved,
local,*,*,,,,is_50_,array50,*,module,high,approved,
local,*,*,,,,is_514_,array514,*,module,high,approved,
local,*,*,,,,is_519_,array519,*,module,high,approved,
local,*,*,,,,is_51_,array51,*,module,high,approved,
local,*,*,,,,is_527_,array527,*,module,high,approved,
local,*,*,,,,is_52_,array52,*,module,high,approved,
local,*,*,,,,is_532_,array532,*,module,high,approved,
local,*,*,,,,is_53_,array53,*,module,high,approved,
local,*,*,,,,is_546_,array546,*,module,high,approved,
local,*,*,,,,is_54_,array54,*,module,high,approved,
local,*,*,,,,is_55_,array55,*,module,high,approved,
local,*,*,,,,is_56_,array56,*,module,high,approved,
local,*,*,,,,is_571_,array571,*,module,high,approved,
local,*,*,,,,is_57_,array57,*,module,high,approved,
local,*,*,,,,is_586_,array586,*,module,high,approved,
local,*,*,,,,is_58_,array58,*,module,high,approved,
local,*,*,,,,is_594_,array594,*,module,high,approved,
local,*,*,,,,is_599_,array599,*,module,high,approved,
local,*,*,,,,is_59_,array59,*,module,high,approved,
local,*,*,,,,is_5_,array5,*,module,high,approved,
local,*,*,,,,is_604_,array604,*,module,high,approved,
local,*,*,,,,is_607_,array607,*,module,high,approved,
local,*,*,,,,is_60_,array60,*,module,high,approved,
local,*,*,,,,is_619_,array619,*,module,high,approved,
local,*,*,,,,is_61_,array61,*,module,high,approved,
local,*,*,,,,is_628_,array628,*,module,high,approved,
local,*,*,,,,is_62_,array62,*,module,high,approved,
local,*,*,,,,is_632_,array632,*,module,high,approved,
local,*,*,,,,is_634_,array634,*,module,high,approved,
local,*,*,,,,is_63_,array63,*,module,high,approved,
local,*,*,,,,is_642_,array642,*,module,high,approved,
local,*,*,,,,is_643_,array643,*,module,high,approved,
local,*,*,,,,is_64_,array64,*,module,high,approved,
local,*,*,,,,is_650_,array650,*,module,high,approved,
local,*,*,,,,is_652_,array652,*,module,high,approved,
local,*,*,,,,is_655_,array655,*,module,high,approved,
local,*,*,,,,is_65_,array65,*,module,high,approved,
local,*,*,,,,is_660_,array660,*,module,high,approved,
local,*,*,,,,is_662_,array662,*,module,high,approved,
local,*,*,,,,is_66_,array66,*,module,high,approved,
local,*,*,,,,is_672_,array672,*,module,high,approved,
local,*,*,,,,is_674_,array674,*,module,high,approved,
local,*,*,,,,is_676_,array676,*,module,high,approved,
local,*,*,,,,is_67_,array67,*,module,high,approved,
local,*,*,,,,is_680_,array680,*,module,high,approved,
local,*,*,,,,is_68_,array68,*,module,high,approved,
local,*,*,,,,is_692_,array692,*,module,high,approved,
local,*,*,,,,is_69_,array69,*,module,high,approved,
local,*,*,,,,is_6_,array6,*,module,high,approved,
local,*,*,,,,is_70_,array70,*,module,high,approved,
local,*,*,,,,is_713_,array713,*,module,high,approved,
local,*,*,,,,is_715_,array715,*,module,high,approved,
local,*,*,,,,is_717_,array717,*,module,high,approved,
local,*,*,,,,is_71_,array71,*,module,high,approved,
local,*,*,,,,is_727_,array727,*,module,high,approved,
local,*,*,,,,is_736_,array736,*,module,high,approved,
local,*,*,,,,is_73_,array73,*,module,high,approved,
local,*,*,,,,is_744_,array744,*,module,high,approved,
local,*,*,,,,is_74_,array74,*,module,high,approved,
local,*,*,,,,is_752_,array752,*,module,high,approved,
local,*,*,,,,is_754_,array754,*,module,high,approved,
local,*,*,,,,is_758_,array758,*,module,high,approved,
local,*,*,,,,is_75_,array75,*,module,high,approved,
local,*,*,,,,is_762_,array762,*,module,high,approved,
local,*,*,,,,is_766_,array766,*,module,high,approved,
local,*,*,,,,is_76_,array76,*,module,high,approved,
local,*,*,,,,is_77_,array77,*,module,high,approved,
local,*,*,,,,is_787_,array787,*,module,high,approved,
local,*,*,,,,is_78_,array78,*,module,high,approved,
local,*,*,,,,is_79_,array79,*,module,high,approved,
local,*,*,,,,is_7_,array7,*,module,high,approved,
local,*,*,,,,is_80_,array80,*,module,high,approved,
local,*,*,,,,is_818_,array818,*,module,high,approved,
local,*,*,,,,is_81_,array81,*,module,high,approved,
local,*,*,,,,is_82_,array82,*,module,high,approved,
local,*,*,,,,is_839_,array839,*,module,high,approved,
local,*,*,,,,is_83_,array83,*,module,high,approved,
local,*,*,,,,is_84_,array84,*,module,high,approved,
local,*,*,,,,is_860_,array860,*,module,high,approved,
local,*,*,,,,is_86_,array86,*,module,high,approved,
local,*,*,,,,is_870_,array870,*,module,high,approved,
local,*,*,,,,is_871_,array871,*,module,high,approved,
local,*,*,,,,is_87_,array87,*,module,high,approved,
local,*,*,,,,is_88_,array88,*,module,high,approved,
local,*,*,,,,is_89_,array89,*,module,high,approved,
local,*,*,,,,is_8_,array8,*,module,high,approved,
local,*,*,,,,is_90_,array90,*,module,high,approved,
local,*,*,,,,is_912_,array912,*,module,high,approved,
local,*,*,,,,is_933_,array933,*,module,high,approved,
local,*,*,,,,is_94_,array94,*,module,high,approved,
local,*,*,,,,is_95_,array95,*,module,high,approved,
local,*,*,,,,is_96_,array96,*,module,high,approved,
local,*,*,,,,is_97_,array97,*,module,high,approved,
local,*,*,,,,is_985_,array985,*,module,high,approved,
local,*,*,,,,is_98_,array98,*,module,high,approved,
local,*,*,,,,is_99_,array99,*,module,high,approved,
local,*,*,,,,is_9_,array9,*,module,high,approved,
local,*,*,,,,string_0_,text0,*,module,high,approved,
local,*,*,,,,string_10_,text10,*,module,high,approved,
local,*,*,,,,string_111_,text111,*,module,high,approved,
local,*,*,,,,string_114_,text114,*,module,high,approved,
local,*,*,,,,string_11_,text11,*,module,high,approved,
local,*,*,,,,string_12_,text12,*,module,high,approved,
local,*,*,,,,string_141_,text141,*,module,high,approved,
local,*,*,,,,string_142_,text142,*,module,high,approved,
local,*,*,,,,string_14_,text14,*,module,high,approved,
local,*,*,,,,string_15_,text15,*,module,high,approved,
local,*,*,,,,string_16_,text16,*,module,high,approved,
local,*,*,,,,string_175_,text175,*,module,high,approved,
local,*,*,,,,string_18_,text18,*,module,high,approved,
local,*,*,,,,string_19_,text19,*,module,high,approved,
local,*,*,,,,string_1_,text1,*,module,high,approved,
local,*,*,,,,string_20_,text20,*,module,high,approved,
local,*,*,,,,string_228_,text228,*,module,high,approved,
local,*,*,,,,string_240_,text240,*,module,high,approved,
local,*,*,,,,string_26_,text26,*,module,high,approved,
local,*,*,,,,string_2_,text2,*,module,high,approved,
local,*,*,,,,string_38_,text38,*,module,high,approved,
local,*,*,,,,string_39_,text39,*,module,high,approved,
local,*,*,,,,string_3_,text3,*,module,high,approved,
local,*,*,,,,string_4_,text4,*,module,high,approved,
local,*,*,,,,string_5_,text5,*,module,high,approved,
local,*,*,,,,string_67_,text67,*,module,high,approved,
local,*,*,,,,string_6_,text6,*,module,high,approved,
local,*,*,,,,string_7_,text7,*,module,high,approved,
local,*,*,,,,string_82_,text82,*,module,high,approved,
local,*,*,,,,string_8_,text8,*,module,high,approved,
local,*,*,,,,string_98_,text98,*,module,high,approved,
local,*,*,,,,string_9_,text9,*,module,high,approved,
local,*,*,,,,var_aa,spriteMaskVar,*,module,high,approved,
local,*,*,,,,var_class,classVar,*,module,high,approved,
local,*,*,,,,var_classes,classArrayVar,*,module,high,approved,
local,*,*,,,,var_client,clientVar,*,module,high,approved,
local,*,*,,,,var_d,textureProviderApiVar,*,module,high,approved,
local,*,*,,,,var_dxVertexLayout,directXVertexLayoutVar,*,module,high,approved,
local,*,*,,,,var_fda,fdaVar,*,module,high,approved,
local,*,*,,,,var_ha,toolkitVar,*,module,high,approved,
local,*,*,,,,var_hb,hbVar,*,module,high,approved,
local,*,*,,,,var_i,safeModeModelVar,*,module,high,approved,
local,*,*,,,,var_j,safeModeSpriteVar,*,module,high,approved,
local,*,*,,,,var_long,longVar,*,module,high,approved,
local,*,*,,,,var_oa,safeModeToolkitVar,*,module,high,approved,
local,*,*,,,,var_p,safeModeCanvasSurfaceVar,*,module,high,approved,
local,*,*,,,,var_r,alphaMaskVar,*,module,high,approved,
local,*,*,,,,var_s,groundVar,*,module,high,approved,
local,*,*,,,,var_ses,groundsVar,*,module,high,approved,
local,*,*,,,,var_wa,nativeOffscreenSurfaceVar,*,module,high,approved,
local,*,*,,,,var_xa,nativeDepthBufferVar,*,module,high,approved,
local,*,*,,,,var_ya,safeModeHeapVar,*,module,high,approved,
local,*,*,,,,var_za,toolkitHeapVar,*,module,high,approved,
method,AntiAliasingPreference,AntiAliasingPreference,,,,method1806,isSupported,AntiAliasingPreference,module,high,approved,
method,AntiAliasingPreference,AntiAliasingPreference,,,,method1808,getValue,AntiAliasingPreference,module,high,approved,
field,BASTypeList,BASTypeList,,,,aClass45_3319,configArchive,BASTypeList,module,high,approved,[auto-conflict-resolve: BASTypeList:aClass45_3319 -> configArchive]
field,Base37Util,Base37Util,,,,aClass356_389,videoEntryCache,Base37Util,module,high,approved,
field,BillboardTypeList,BillboardTypeList,,,,aClass45_4785,archive,BillboardTypeList,module,high,approved,
method,BloomPreference,BloomPreference,,,,method1771,getValue,BloomPreference,module,high,approved,
method,BloomPreference,BloomPreference,,,,method1774,isSupported,BloomPreference,module,high,approved,
method,BrightnessPreference,BrightnessPreference,,,,method1764,getValue,BrightnessPreference,module,high,approved,
field,BufferedSocket,BufferedSocket,,,,aBoolean2654,closed,BufferedSocket,module,high,approved,
field,BufferedSocket,BufferedSocket,,,,aBoolean2659,writeExceptionPending,BufferedSocket,module,high,approved,
field,BufferedSocket,BufferedSocket,,,,aByteArray2663,writeBuffer,BufferedSocket,module,high,approved,
field,BufferedSocket,BufferedSocket,,,,aClass144_2658,writerTask,BufferedSocket,module,high,approved,
field,BufferedSocket,BufferedSocket,,,,aClass297_2649,signLink,BufferedSocket,module,high,approved,
field,BufferedSocket,BufferedSocket,,,,aSocket2668,socket,BufferedSocket,module,high,approved,
field,BufferedSocket,BufferedSocket,,,,anInputStream2652,inputStream,BufferedSocket,module,high,approved,
field,BufferedSocket,BufferedSocket,,,,anInt2648,writePos,BufferedSocket,module,high,approved,
field,BufferedSocket,BufferedSocket,,,,anInt2656,flushPos,BufferedSocket,module,high,approved,
field,BufferedSocket,BufferedSocket,,,,anInt2669,bufferCapacity,BufferedSocket,module,high,approved,
field,BufferedSocket,BufferedSocket,,,,anOutputStream2657,outputStream,BufferedSocket,module,high,approved,
method,BuildAreaPreference,BuildAreaPreference,,,,method1743,getValue,BuildAreaPreference,module,high,approved,
method,BuildAreaPreference,BuildAreaPreference,,,,method1744,isSupported,BuildAreaPreference,module,high,approved,
method,CharacterShadowsPreference,CharacterShadowsPreference,,,,method1809,isSupported,CharacterShadowsPreference,module,high,approved,
method,CharacterShadowsPreference,CharacterShadowsPreference,,,,method1812,getValue,CharacterShadowsPreference,module,high,approved,
field,Client,Client,,,,aClass262_5185,ambientSoundQueue,Client,module,high,approved,
field,Client,Client,,,,aClass5189,cachedClass,Client,module,high,approved,
field,ClientGlobals,ClientGlobals,,,,aClass356_1895,activeTextureOpDecoderTable,ClientGlobals,module,high,approved,
field,ClientGlobals,ClientGlobals,,,,aClass60_1894,sharedModelCache,ClientGlobals,module,high,approved,
method,ClientGlobals,ClientGlobals,,,,method1127,clearStaticState,ClientGlobals,module,high,approved,
method,ClientGlobals,ClientGlobals,,,,method1128,toGlElementType,ClientGlobals,module,high,approved,
method,ClientGlobals,ClientGlobals,,,,method1129,requestRendererReload,ClientGlobals,module,high,approved,
method,ClientGlobals,ClientGlobals,,,,method1130,renderGroundLayerMask,ClientGlobals,module,high,approved,
field,ClientParameterGlobals,ClientParameterGlobals,,,,aClass114_1762,serverPacket50,ClientParameterGlobals,module,high,approved,
field,ClientParameterGlobals,ClientParameterGlobals,,,,aString1761,quitUrl,ClientParameterGlobals,module,high,approved,
field,ClientParameterGlobals,ClientParameterGlobals,,,,anInt1758,staffModLevel,ClientParameterGlobals,module,high,approved,
field,ClientParameterGlobals,ClientParameterGlobals,,,,anInt1760,preferencesLoadCount,ClientParameterGlobals,module,high,approved,
method,ClientParameterGlobals,ClientParameterGlobals,,,,method1062,clearStaticState,ClientParameterGlobals,module,high,approved,
method,ClientParameterGlobals,ClientParameterGlobals,,,,method1063,loadPreferencesFromDisk,ClientParameterGlobals,module,high,approved,
field,ClientPreference,ClientPreference,,,,aClass348_Sub51_3136,preferences,ClientPreference,module,high,approved,Owning preferences container
field,ClientPreference,ClientPreference,,,,anInt3138,value,ClientPreference,module,high,approved,Stored preference value
method,ClientPreference,ClientPreference,,,,method1710,getDefaultValue,ClientPreference,module,high,approved,
method,ClientPreference,ClientPreference,,,,method1712,setValue,ClientPreference,module,high,approved,
method,ClientPreference,ClientPreference,,,,method1714,validateValue,ClientPreference,module,high,approved,
method,ClientPreference,ClientPreference,,,,method1716,clampValue,ClientPreference,module,high,approved,
method,ClientPreference,ClientPreference,,,,method1718,setValueIfValid,ClientPreference,module,high,approved,
field,ClientPreferences,ClientPreferences,,,,aClass7273,cachedClass,ClientPreferences,module,high,approved,
method,ClientPreferences,ClientPreferences,,,,method3421,decodeLegacy,ClientPreferences,module,high,approved,
method,ClientPreferences,ClientPreferences,,,,method3422,getModeGame,ClientPreferences,module,high,approved,
method,ClientPreferences,ClientPreferences,,,,method3423,ensureInitialized,ClientPreferences,module,high,approved,
method,ClientPreferences,ClientPreferences,,,,method3424,decode,ClientPreferences,module,high,approved,
method,ClientPreferences,ClientPreferences,,,,method3425,isLowMemorySoftwareMode,ClientPreferences,module,high,approved,
method,ClientPreferences,ClientPreferences,,,,method3426,clampAllPreferences,ClientPreferences,module,high,approved,
method,ClientPreferences,ClientPreferences,,,,method3427,encode,ClientPreferences,module,high,approved,
method,ClientPreferences,ClientPreferences,,,,method3428,getMachineInfo,ClientPreferences,module,high,approved,
method,ClientPreferences,ClientPreferences,,,,method3429,setPreferenceValue,ClientPreferences,module,high,approved,
field,ClientStepUtil,ClientStepUtil,,,,aClass114_3307,serverPacket56,ClientStepUtil,module,high,approved,
method,ClientStepUtil,ClientStepUtil,,,,method1977,isTransitionClientState,ClientStepUtil,module,high,approved,
method,ClientStepUtil,ClientStepUtil,,,,method1978,clearCachedToolkitWorkers,ClientStepUtil,module,high,approved,
method,ClientStepUtil,ClientStepUtil,,,,method1979,clearStaticState,ClientStepUtil,module,high,approved,
field,ClientStreamWriter,ClientStreamWriter,,,,aByteArray2706,buffer,ClientStreamWriter,module,high,approved,
field,ClientStreamWriter,ClientStreamWriter,,,,aThread2708,writerThread,ClientStreamWriter,module,high,approved,
field,ClientStreamWriter,ClientStreamWriter,,,,anIOException2704,writeException,ClientStreamWriter,module,high,approved,
field,ClientStreamWriter,ClientStreamWriter,,,,anInt2705,readPos,ClientStreamWriter,module,high,approved,
field,ClientStreamWriter,ClientStreamWriter,,,,anInt2713,writePos,ClientStreamWriter,module,high,approved,
field,ClientStreamWriter,ClientStreamWriter,,,,anInt2715,capacity,ClientStreamWriter,module,high,approved,
field,ClientStreamWriter,ClientStreamWriter,,,,anOutputStream2712,outputStream,ClientStreamWriter,module,high,approved,
method,ClientTickTiming,ClientTickTiming,,,,method865,demoteImageCacheEntries,ClientTickTiming,module,high,approved,
method,ClientTickTiming,ClientTickTiming,,,,method866,clearStaticState,ClientTickTiming,module,high,approved,
method,ClientTickTiming,ClientTickTiming,,,,method867,resetTickTimingState,ClientTickTiming,module,high,approved,
method,CpuUsagePreference,CpuUsagePreference,,,,method1798,getValue,CpuUsagePreference,module,high,approved,
field,CursorTypeList,CursorTypeList,,,,aClass45_2180,spriteArchive,CursorTypeList,module,high,approved,
field,CursorTypeList,CursorTypeList,,,,aClass45_2188,definitionArchive,CursorTypeList,module,high,approved,
method,CustomCursorsPreference,CustomCursorsPreference,,,,method1815,getValue,CustomCursorsPreference,module,high,approved,
field,DelayedStateChange,DelayedStateChange,,,,anInt9650,intArg0,DelayedStateChange,module,high,approved,
field,DelayedStateChange,DelayedStateChange,,,,anInt9651,intArg1,DelayedStateChange,module,high,approved,
field,DelayedStateChange,DelayedStateChange,,,,anInt9652,intArg2,DelayedStateChange,module,high,approved,
method,DelayedStateChange,DelayedStateChange,,,,method3245,getChangeType,DelayedStateChange,module,high,approved,
method,DelayedStateChange,DelayedStateChange,,,,method3246,queueImmediate,DelayedStateChange,module,high,approved,
method,DelayedStateChange,DelayedStateChange,,,,method3247,clearStaticState,DelayedStateChange,module,high,approved,
method,DelayedStateChange,DelayedStateChange,,,,method3248,getChangeId,DelayedStateChange,module,high,approved,
method,DelayedStateChange,DelayedStateChange,,,,method3249,compileShader,DelayedStateChange,module,high,approved,
method,DelayedStateChange,DelayedStateChange,,,,method3250,getScheduledAtMillis,DelayedStateChange,module,high,approved,
method,DelayedStateChange,DelayedStateChange,,,,method3251,queueDelayed,DelayedStateChange,module,high,approved,
field,DelayedStateChangeUtil,DelayedStateChangeUtil,,,,aClass229_6519,secondaryTexCoordMatrix,DelayedStateChangeUtil,module,high,approved,
field,DelayedStateChangeUtil,DelayedStateChangeUtil,,,,anIntArray6522,glDeleteScratchIds,DelayedStateChangeUtil,module,high,approved,
method,DelayedStateChangeUtil,DelayedStateChangeUtil,,,,method2615,queueType12DelayedChange,DelayedStateChangeUtil,module,high,approved,
method,DelayedStateChangeUtil,DelayedStateChangeUtil,,,,method2616,flushType12WaterState,DelayedStateChangeUtil,module,high,approved,
method,DelayedStateChangeUtil,DelayedStateChangeUtil,,,,method2617,clearStaticState,DelayedStateChangeUtil,module,high,approved,
method,DynamicLightingPreference,DynamicLightingPreference,,,,method1845,getValue,DynamicLightingPreference,module,high,approved,
field,EnumType,EnumType,,,,aClass356_1767,entriesByKey,EnumType,module,high,approved,
field,EnumType,EnumType,,,,aClass356_1770,reverseLookup,EnumType,module,high,approved,
field,EnumTypeList,EnumTypeList,,,,aClass45_458,configArchive,EnumTypeList,module,high,approved,[auto-conflict-resolve: EnumTypeList:aClass45_458 -> configArchive]
method,FlickeringEffectsPreference,FlickeringEffectsPreference,,,,method1720,getValue,FlickeringEffectsPreference,module,high,approved,
field,FloorOverlayTypeList,FloorOverlayTypeList,,,,aClass45_3442,archive,FloorOverlayTypeList,module,high,approved,
field,FloorUnderlayTypeList,FloorUnderlayTypeList,,,,aClass45_2461,configArchive,FloorUnderlayTypeList,module,high,approved,[auto-conflict-resolve: FloorUnderlayTypeList:aClass45_2461 -> configArchive]
method,FogPreference,FogPreference,,,,method1789,getValue,FogPreference,module,high,approved,
method,FogPreference,FogPreference,,,,method1790,isSupported,FogPreference,module,high,approved,
field,GameBuild,GameBuild,,,,anInt4466,buildId,GameBuild,module,high,approved,
method,GameBuild,GameBuild,,,,method3517,clearPlayerUpdateMaskCache,GameBuild,module,high,approved,
method,GameClockFactory,GameClockFactory,,,,method1631,createBestClock,GameClockFactory,module,high,approved,
method,GameClockFactory,GameClockFactory,,,,method1632,clearStaticState,GameClockFactory,module,high,approved,
method,GameClockFactory,GameClockFactory,,,,method1633,hasFlag1024,GameClockFactory,module,high,approved,
field,GameStateReset,GameStateReset,,,,aClass114_1871,serverPacket52,GameStateReset,module,high,approved,
method,GameStateReset,GameStateReset,,,,method1122,resetSceneRuntimeState,GameStateReset,module,high,approved,
method,GameStateReset,GameStateReset,,,,method1123,clearStaticState,GameStateReset,module,high,approved,
field,GfxTypeList,GfxTypeList,,,,aClass45_3979,definitionArchive,GfxTypeList,module,high,approved,
field,GfxTypeList,GfxTypeList,,,,aClass45_3981,modelArchive,GfxTypeList,module,high,approved,
method,GraphicsRendererPreference,GraphicsRendererPreference,,,,method1826,setRendererAvailable,GraphicsRendererPreference,module,high,approved,
method,GraphicsRendererPreference,GraphicsRendererPreference,,,,method1829,getValue,GraphicsRendererPreference,module,high,approved,
method,GraphicsRendererPreference,GraphicsRendererPreference,,,,method1830,isRendererAvailable,GraphicsRendererPreference,module,high,approved,
method,GraphicsRendererPreference,GraphicsRendererPreference,,,,method1831,isHardwareRendererSupported,GraphicsRendererPreference,module,high,approved,
method,GroundDecorationsPreference,GroundDecorationsPreference,,,,method1736,isSupported,GroundDecorationsPreference,module,high,approved,
method,GroundDecorationsPreference,GroundDecorationsPreference,,,,method1737,getValue,GroundDecorationsPreference,module,high,approved,
method,HighDetailRenderingPreference,HighDetailRenderingPreference,,,,method1757,isSupported,HighDetailRenderingPreference,module,high,approved,
method,HighDetailRenderingPreference,HighDetailRenderingPreference,,,,method1759,getValue,HighDetailRenderingPreference,module,high,approved,
field,HitmarkTypeList,HitmarkTypeList,,,,aClass45_2866,definitionArchive,HitmarkTypeList,module,high,approved,
field,HitmarkTypeList,HitmarkTypeList,,,,aClass45_2873,spriteArchive,HitmarkTypeList,module,high,approved,
field,Huffman,Huffman,,,,aClass114_3773,serverPacket55,Huffman,module,high,approved,
field,IDKTypeList,IDKTypeList,,,,aClass45_2048,definitionArchive,IDKTypeList,module,high,approved,
field,IDKTypeList,IDKTypeList,,,,aClass45_2054,modelArchive,IDKTypeList,module,high,approved,
method,IdleAnimationsPreference,IdleAnimationsPreference,,,,method1776,getValue,IdleAnimationsPreference,module,high,approved,
field,IndexGroupLoader,IndexGroupLoader,,,,aClass45_4789,archive,IndexGroupLoader,module,high,approved,
field,IndexProgressProvider,IndexProgressProvider,,,,aClass45_4804,archive,IndexProgressProvider,module,high,approved,
field,InvTypeList,InvTypeList,,,,aClass45_3468,configArchive,InvTypeList,module,high,approved,[auto-conflict-resolve: InvTypeList:aClass45_3468 -> configArchive]
field,ItemType,ItemType,,,,aByteArray2821,recolorPaletteIndices,ItemType,module,high,approved,
field,ItemType,ItemType,,,,aClass356_2757,params,ItemType,module,high,approved,
field,ItemType,ItemType,,,,aShortArray2771,recolorTo,ItemType,module,high,approved,
field,ItemType,ItemType,,,,aShortArray2777,recolorFrom,ItemType,module,high,approved,
field,ItemType,ItemType,,,,aShortArray2785,retextureFrom,ItemType,module,high,approved,
field,ItemType,ItemType,,,,aShortArray2801,retextureTo,ItemType,module,high,approved,
field,ItemType,ItemType,,,,anIntArray2762,stackVariantItemIds,ItemType,module,high,approved,
field,ItemType,ItemType,,,,anIntArray2831,stackVariantThresholds,ItemType,module,high,approved,
field,ItemTypeList,ItemTypeList,,,,aClass45_3267,definitionArchive,ItemTypeList,module,high,approved,
field,ItemTypeList,ItemTypeList,,,,aClass45_3268,modelArchive,ItemTypeList,module,high,approved,
field,JagBuffer,JagBuffer,,,,aByteArray7154,data,JagBuffer,module,high,approved,
field,JagBuffer,JagBuffer,,,,anInt7197,pos,JagBuffer,module,high,approved,
field,Js5VideoStream,Js5VideoStream,,,,aByteArrayArray5275,prefetchedChunks,Js5VideoStream,module,high,approved,
field,Js5VideoStream,Js5VideoStream,,,,aClass348_Sub49_5274,chunkBuffer,Js5VideoStream,module,high,approved,
field,Js5VideoStream,Js5VideoStream,,,,aClass348_Sub49_5276,outputBuffer,Js5VideoStream,module,high,approved,
field,Js5VideoStream,Js5VideoStream,,,,aClass45_5267,archive,Js5VideoStream,module,high,approved,
field,Js5VideoStream,Js5VideoStream,,,,anInt5270,nextChunkIndex,Js5VideoStream,module,high,approved,
field,Js5VideoStream,Js5VideoStream,,,,anInt5272,indexFileId,Js5VideoStream,module,high,approved,
field,Js5VideoStream,Js5VideoStream,,,,anIntArray5269,chunkFileIds,Js5VideoStream,module,high,approved,
field,LightTypeList,LightTypeList,,,,aClass45_2480,configArchive,LightTypeList,module,high,approved,[auto-conflict-resolve: LightTypeList:aClass45_2480 -> configArchive]
field,LoadingScreenElementFactory,LoadingScreenElementFactory,,,,aClass45_1637,spriteArchive,LoadingScreenElementFactory,module,high,approved,
field,LoadingScreenElementFactory,LoadingScreenElementFactory,,,,aClass45_1641,fontArchive,LoadingScreenElementFactory,module,high,approved,
field,LoadingScreenFullscreenSpriteOp,LoadingScreenFullscreenSpriteOp,,,,aClass45_4694,spriteArchive,LoadingScreenFullscreenSpriteOp,module,high,approved,
field,LoadingScreenOp,LoadingScreenOp,,,,aClass45_4631,fontArchive,LoadingScreenOp,module,high,approved,
field,LoadingScreenOp,LoadingScreenOp,,,,aClass45_4632,fontSpriteArchive,LoadingScreenOp,module,high,approved,[auto-conflict-resolve: LoadingScreenOp:aClass45_4632 -> fontSpriteArchive]
method,LoadingScreenPreference,LoadingScreenPreference,,,,method1805,getValue,LoadingScreenPreference,module,high,approved,
field,LoadingScreenRotatingSpriteOp,LoadingScreenRotatingSpriteOp,,,,aClass8389,cachedClass,LoadingScreenRotatingSpriteOp,module,high,approved,
field,LoadingScreenSpriteOp,LoadingScreenSpriteOp,,,,aClass45_4661,spriteArchive,LoadingScreenSpriteOp,module,high,approved,
field,LoadingScreenTextLayout,LoadingScreenTextLayout,,,,aClass4949,cachedClass,LoadingScreenTextLayout,module,high,approved,
field,LoadingScreenTextOp,LoadingScreenTextOp,,,,aClass45_4650,fontSpriteArchive,LoadingScreenTextOp,module,high,approved,[auto-conflict-resolve: LoadingScreenTextOp:aClass45_4650 -> fontSpriteArchive]
field,LoadingScreenTextOp,LoadingScreenTextOp,,,,aClass45_4651,fontMetricsArchive,LoadingScreenTextOp,module,high,approved,[auto-conflict-resolve: LoadingScreenTextOp:aClass45_4651 -> fontMetricsArchive]
field,LoadingScreenTypeList,LoadingScreenTypeList,,,,aClass45_1718,archive,LoadingScreenTypeList,module,high,approved,
method,LowMemoryTextureResolutionPreference,LowMemoryTextureResolutionPreference,,,,method1726,getValue,LowMemoryTextureResolutionPreference,module,high,approved,
field,MapElementType,MapElementType,,,,aClass356_588,params,MapElementType,module,high,approved,
field,MapElementType,MapElementType,,,,anInt573,secondaryVarpId,MapElementType,module,high,approved,
field,MapElementType,MapElementType,,,,anInt583,secondaryVarbitId,MapElementType,module,high,approved,
field,MapElementType,MapElementType,,,,anInt585,primaryVarMin,MapElementType,module,high,approved,
field,MapElementType,MapElementType,,,,anInt586,secondaryVarMax,MapElementType,module,high,approved,
field,MapElementType,MapElementType,,,,anInt587,secondaryVarMin,MapElementType,module,high,approved,
field,MapElementType,MapElementType,,,,anInt590,primaryVarpId,MapElementType,module,high,approved,
field,MapElementType,MapElementType,,,,anInt592,primaryVarMax,MapElementType,module,high,approved,
field,MapElementType,MapElementType,,,,anInt598,secondarySpriteId,MapElementType,module,high,approved,
field,MapElementType,MapElementType,,,,anInt606,primaryVarbitId,MapElementType,module,high,approved,
field,MapElementTypeList,MapElementTypeList,,,,aClass45_2084,definitionArchive,MapElementTypeList,module,high,approved,
field,MapElementTypeList,MapElementTypeList,,,,aClass45_2087,spriteArchive,MapElementTypeList,module,high,approved,
field,MapRegionBuilder,MapRegionBuilder,,,,aClass5827,cachedClass,MapRegionBuilder,module,high,approved,
field,MapRegionLoader,MapRegionLoader,,,,aClass7056,cachedClass,MapRegionLoader,module,high,approved,
field,MapSceneTypeList,MapSceneTypeList,,,,aClass45_1965,spriteArchive,MapSceneTypeList,module,high,approved,
field,MapSceneTypeList,MapSceneTypeList,,,,aClass45_1971,definitionArchive,MapSceneTypeList,module,high,approved,
field,MapSceneTypeList,MapSceneTypeList,,,,aClass60_1963,mapSceneTypeCache,MapSceneTypeList,module,high,approved,
field,MapSceneTypeList,MapSceneTypeList,,,,aClass60_1976,spriteCache,MapSceneTypeList,module,high,approved,
field,MonochromeImageCacheSlot,MonochromeImageCacheSlot,,,,aClass6640,cachedClass,MonochromeImageCacheSlot,module,high,approved,
field,NativeToolkit,NativeToolkit,,,,aClass8211,cachedClass,NativeToolkit,module,high,approved,
field,NpcType,NpcType,,,,aByteArray1374,recolorPaletteIndices,NpcType,module,high,approved,
field,NpcType,NpcType,,,,aClass356_1386,params,NpcType,module,high,approved,
field,NpcType,NpcType,,,,aShortArray1328,recolorFrom,NpcType,module,high,approved,
field,NpcType,NpcType,,,,aShortArray1352,recolorTo,NpcType,module,high,approved,
field,NpcType,NpcType,,,,aShortArray1391,retextureTo,NpcType,module,high,approved,
field,NpcType,NpcType,,,,aShortArray1393,retextureFrom,NpcType,module,high,approved,
field,NpcType,NpcType,,,,anIntArray1380,headModelIds,NpcType,module,high,approved,
field,NpcType,NpcType,,,,anIntArray1402,modelIds,NpcType,module,high,approved,
field,NpcType,NpcType,,,,anIntArrayArray1388,modelTranslationOffsets,NpcType,module,high,approved,
field,NpcTypeList,NpcTypeList,,,,aClass45_3576,modelArchive,NpcTypeList,module,high,approved,
field,NpcTypeList,NpcTypeList,,,,aClass45_3585,definitionArchive,NpcTypeList,module,high,approved,
field,NpcTypeList,NpcTypeList,,,,aClass60_3577,npcTypeCache,NpcTypeList,module,high,approved,
field,NpcTypeList,NpcTypeList,,,,aClass60_3590,modelCache,NpcTypeList,module,high,approved,
field,NpcTypeList,NpcTypeList,,,,aClass60_3592,secondaryModelCache,NpcTypeList,module,high,approved,[auto-conflict-resolve: NpcTypeList:aClass60_3592 -> secondaryModelCache]
field,ObjectType,ObjectType,,,,aByteArray872,recolorPaletteIndices,ObjectType,module,high,approved,
field,ObjectType,ObjectType,,,,aByteArray885,modelTypes,ObjectType,module,high,approved,
field,ObjectType,ObjectType,,,,aClass356_881,params,ObjectType,module,high,approved,
field,ObjectType,ObjectType,,,,aShortArray892,retextureTo,ObjectType,module,high,approved,
field,ObjectType,ObjectType,,,,aShortArray908,recolorTo,ObjectType,module,high,approved,
field,ObjectType,ObjectType,,,,aShortArray919,retextureFrom,ObjectType,module,high,approved,
field,ObjectType,ObjectType,,,,aShortArray940,recolorFrom,ObjectType,module,high,approved,
field,ObjectType,ObjectType,,,,anIntArrayArray907,modelIdsByType,ObjectType,module,high,approved,
field,ObjectTypeList,ObjectTypeList,,,,aClass45_3343,definitionArchive,ObjectTypeList,module,high,approved,
field,ObjectTypeList,ObjectTypeList,,,,aClass45_3345,modelArchive,ObjectTypeList,module,high,approved,
field,ObjectTypeList,ObjectTypeList,,,,aClass60_3350,objectTypeCache,ObjectTypeList,module,high,approved,
field,ObjectTypeList,ObjectTypeList,,,,aClass60_3360,modelDataCache,ObjectTypeList,module,high,approved,
field,ObjectTypeList,ObjectTypeList,,,,aClass60_3361,modelWithShadowCache,ObjectTypeList,module,high,approved,
field,ObjectTypeList,ObjectTypeList,,,,aClass60_3362,secondaryModelCache,ObjectTypeList,module,high,approved,[auto-conflict-resolve: ObjectTypeList:aClass60_3362 -> secondaryModelCache]
field,OpenGLArbProgram,OpenGLArbProgram,,,,aClass2276,cachedClass,OpenGLArbProgram,module,high,approved,
field,OpenGLxCubeMapTexture,OpenGLxCubeMapTexture,,,,aClass8623,cachedClass,OpenGLxCubeMapTexture,module,high,approved,
method,OrthographicModePreference,OrthographicModePreference,,,,method1727,getValue,OrthographicModePreference,module,high,approved,
method,OrthographicModePreference,OrthographicModePreference,,,,method1729,isSupported,OrthographicModePreference,module,high,approved,
field,PacketBuffer,PacketBuffer,,,,aClass77_9756,isaacCipher,PacketBuffer,module,high,approved,
field,PacketBuffer,PacketBuffer,,,,anInt9754,bitPos,PacketBuffer,module,high,approved,
field,ParamTable,ParamTable,,,,aClass356_9494,params,ParamTable,module,high,approved,
field,ParamTableList,ParamTableList,,,,aClass45_1141,archive,ParamTableList,module,high,approved,
field,ParamTypeList,ParamTypeList,,,,aClass45_4085,configArchive,ParamTypeList,module,high,approved,[auto-conflict-resolve: ParamTypeList:aClass45_4085 -> configArchive]
method,ParticlesPreference,ParticlesPreference,,,,method1784,getValue,ParticlesPreference,module,high,approved,
method,ParticlesPreference,ParticlesPreference,,,,method1786,isSupported,ParticlesPreference,module,high,approved,
field,PlayerUpdateDecoder,PlayerUpdateDecoder,,,,aClass1919,cachedClass0,PlayerUpdateDecoder,module,high,approved,
field,PlayerUpdateDecoder,PlayerUpdateDecoder,,,,aClass1920,cachedClass1,PlayerUpdateDecoder,module,high,approved,
field,QuestType,QuestType,,,,aClass356_4006,params,QuestType,module,high,approved,
field,QuestTypeList,QuestTypeList,,,,aClass45_2498,configArchive,QuestTypeList,module,high,approved,[auto-conflict-resolve: QuestTypeList:aClass45_2498 -> configArchive]
field,QuickChatCatType,QuickChatCatType,,,,aCharArray9582,subcategoryShortcuts,QuickChatCatType,module,high,approved,
field,QuickChatCatType,QuickChatCatType,,,,aCharArray9588,phraseShortcuts,QuickChatCatType,module,high,approved,
field,QuickChatCatType,QuickChatCatType,,,,aString9587,name,QuickChatCatType,module,high,approved,
field,QuickChatCatType,QuickChatCatType,,,,anIntArray9580,subcategoryIds,QuickChatCatType,module,high,approved,
field,QuickChatCatType,QuickChatCatType,,,,anIntArray9592,phraseIds,QuickChatCatType,module,high,approved,
field,QuickChatCatTypeList,QuickChatCatTypeList,,,,aClass45_2961,configArchive,QuickChatCatTypeList,module,high,approved,[auto-conflict-resolve: QuickChatCatTypeList:aClass45_2961 -> configArchive]
field,QuickChatCatTypeList,QuickChatCatTypeList,,,,aClass45_2965,globalConfigArchive,QuickChatCatTypeList,module,high,approved,[auto-conflict-resolve: QuickChatCatTypeList:aClass45_2965 -> globalConfigArchive]
field,QuickChatPhraseType,QuickChatPhraseType,,,,aClass355_9567,phraseTypeList,QuickChatPhraseType,module,high,approved,
field,QuickChatPhraseType,QuickChatPhraseType,,,,aStringArray9564,textSegments,QuickChatPhraseType,module,high,approved,
field,QuickChatPhraseType,QuickChatPhraseType,,,,anIntArray9574,dynamicParamTypeIds,QuickChatPhraseType,module,high,approved,
field,QuickChatPhraseType,QuickChatPhraseType,,,,anIntArrayArray9565,dynamicParamOptionIds,QuickChatPhraseType,module,high,approved,
field,QuickChatPhraseTypeList,QuickChatPhraseTypeList,,,,aClass45_4368,configArchive,QuickChatPhraseTypeList,module,high,approved,[auto-conflict-resolve: QuickChatPhraseTypeList:aClass45_4368 -> configArchive]
field,QuickChatPhraseTypeList,QuickChatPhraseTypeList,,,,aClass45_4369,globalConfigArchive,QuickChatPhraseTypeList,module,high,approved,[auto-conflict-resolve: QuickChatPhraseTypeList:aClass45_4369 -> globalConfigArchive]
method,RenderAllLevelsPreference,RenderAllLevelsPreference,,,,method1840,getValue,RenderAllLevelsPreference,module,high,approved,
method,RoofsPreference,RoofsPreference,,,,method1778,getValue,RoofsPreference,module,high,approved,
method,SafeModePreference,SafeModePreference,,,,method1768,getValue,SafeModePreference,module,high,approved,
method,SceneryShadowsPreference,SceneryShadowsPreference,,,,method1747,isSupported,SceneryShadowsPreference,module,high,approved,
method,SceneryShadowsPreference,SceneryShadowsPreference,,,,method1748,getValue,SceneryShadowsPreference,module,high,approved,
method,ScreenSizePreference,ScreenSizePreference,,,,method1817,isSupported,ScreenSizePreference,module,high,approved,
method,ScreenSizePreference,ScreenSizePreference,,,,method1818,getValue,ScreenSizePreference,module,high,approved,
field,SeqTypeList,SeqTypeList,,,,aClass45_1488,configArchive,SeqTypeList,module,high,approved,[auto-conflict-resolve: SeqTypeList:aClass45_1488 -> configArchive]
field,SignLink,SignLink,,,,aClass3804,cachedClass0,SignLink,module,high,approved,
field,SignLink,SignLink,,,,aClass3805,cachedClass1,SignLink,module,high,approved,
field,SignLink,SignLink,,,,aClass3806,cachedClass2,SignLink,module,high,approved,
field,SignLink,SignLink,,,,aClass3807,cachedClass3,SignLink,module,high,approved,
field,SkyBoxSphereTypeList,SkyBoxSphereTypeList,,,,aClass45_366,definitionArchive,SkyBoxSphereTypeList,module,high,approved,
field,SkyBoxTypeList,SkyBoxTypeList,,,,aClass45_1460,archive,SkyBoxTypeList,module,high,approved,
field,SoftwareSpriteMask,SoftwareSpriteMask,,,,aClass5208,cachedClass,SoftwareSpriteMask,module,high,approved,
field,SoundCache,SoundCache,,,,aClass356_374,vorbisSampleCache,SoundCache,module,high,approved,
field,SoundCache,SoundCache,,,,aClass356_381,rawSoundCache,SoundCache,module,high,approved,
field,SoundCache,SoundCache,,,,aClass45_377,vorbisSampleArchive,SoundCache,module,high,approved,
field,SoundCache,SoundCache,,,,aClass45_379,soundEffectArchive,SoundCache,module,high,approved,
method,StereoSoundPreference,StereoSoundPreference,,,,method1739,getValue,StereoSoundPreference,module,high,approved,
field,TextureOpHorizontalGradient,TextureOpHorizontalGradient,,,,aClass9260,cachedClass,TextureOpHorizontalGradient,module,high,approved,
field,TextureProvider,TextureProvider,,,,aClass45_4619,definitionArchive,TextureProvider,module,high,approved,
field,TextureProvider,TextureProvider,,,,aClass45_4624,dataArchive,TextureProvider,module,high,approved,
method,TexturesPreference,TexturesPreference,,,,method1820,getValue,TexturesPreference,module,high,approved,
method,TexturesPreference,TexturesPreference,,,,method1824,isSupported,TexturesPreference,module,high,approved,
field,TimedVarEntry,TimedVarEntry,,,,aClass6767,cachedClass,TimedVarEntry,module,high,approved,
method,UnknownPreference29,UnknownPreference29,,,,method1848,getValue,UnknownPreference29,module,high,approved,
field,VarBitTypeList,VarBitTypeList,,,,aClass45_2597,configArchive,VarBitTypeList,module,high,approved,[auto-conflict-resolve: VarBitTypeList:aClass45_2597 -> configArchive]
field,VarClientStringList,VarClientStringList,,,,aClass45_1436,archive,VarClientStringList,module,high,approved,
field,VarDomainImpl,VarDomainImpl,,,,aClass356_5070,timedVarEntries,VarDomainImpl,module,high,approved,
field,VarPlayerTypeList,VarPlayerTypeList,,,,aClass45_2842,configArchive,VarPlayerTypeList,module,high,approved,[auto-conflict-resolve: VarPlayerTypeList:aClass45_2842 -> configArchive]
field,VarcTypeList,VarcTypeList,,,,aClass45_3299,configArchive,VarcTypeList,module,high,approved,[auto-conflict-resolve: VarcTypeList:aClass45_3299 -> configArchive]
field,VarcTypeList,VarcTypeList,,,,aClass60_3303,varcTypeCache,VarcTypeList,module,high,approved,
method,VolumePreference,VolumePreference,,,,method1838,getValue,VolumePreference,module,high,approved,
method,WaterDetailPreference,WaterDetailPreference,,,,method1800,getValue,WaterDetailPreference,module,high,approved,
method,WaterDetailPreference,WaterDetailPreference,,,,method1801,isSupported,WaterDetailPreference,module,high,approved,
method,WindowModePreference,WindowModePreference,,,,method1751,getValue,WindowModePreference,module,high,approved,
field,WorldListDecoder,WorldListDecoder,,,,aClass2478,cachedClass,WorldListDecoder,module,high,approved,
field,WorldListEntryBase,WorldListEntryBase,,,,aClass1713,cachedClass0,WorldListEntryBase,module,high,approved,
field,WorldListEntryBase,WorldListEntryBase,,,,aClass1714,cachedClass1,WorldListEntryBase,module,high,approved,
field,WorldMap,WorldMap,,,,aClass356_1241,mapAreasById,WorldMap,module,high,approved,
field,WorldMap,WorldMap,,,,aClass356_1271,tileObjectListsByCoord,WorldMap,module,high,approved,
field,WorldMapSection,WorldMapSection,,,,aClass6823,cachedClass,WorldMapSection,module,high,approved,
