kind,file,owner,member,signature,param_index,old,new,scope,phase,confidence,status,notes
method,ByteArrayPool,ByteArrayPool,,,,method356,formatAmountWithColorTags,ByteArrayPool,module,high,approved,
method,ByteArrayPool,ByteArrayPool,,,,method357,releaseByteArray,ByteArrayPool,module,high,approved,
method,ByteArrayPool,ByteArrayPool,,,,method358,queueAreaSoundEffect,ByteArrayPool,module,high,approved,
method,ByteArrayPool,ByteArrayPool,,,,method359,acquireByteArray,ByteArrayPool,module,high,approved,
field,ByteArrayPool,ByteArrayPool,,,,anInt492,visibleTileMinX,ByteArrayPool,module,high,approved,Minimum visible scene tile X for viewport culling window
field,ByteArrayPool,ByteArrayPool,,,,anInt495,entityPriorityMode,ByteArrayPool,module,high,approved,Server-driven entity sort/priority mode flag
field,ByteArrayPool,ByteArrayPool,,,,anInt496,chatChannelMemberCount,ByteArrayPool,module,high,approved,Current chat-channel roster size
field,ByteArrayPool,ByteArrayPool,,,,anInt9412,smallPoolCount,ByteArrayPool,module,high,approved,Current number of cached 100-byte buffers
field,ByteArrayPool,ByteArrayPool,,,,aByteArrayArray358,smallPoolBuffers,ByteArrayPool,module,high,approved,Cached 100-byte buffer storage
field,ByteArrayPool,ByteArrayPool,,,,anInt9280,mediumPoolCount,ByteArrayPool,module,high,approved,Current number of cached 5000-byte buffers
field,ByteArrayPool,ByteArrayPool,,,,aByteArrayArray1918,mediumPoolBuffers,ByteArrayPool,module,high,approved,Cached 5000-byte buffer storage
field,ByteArrayPool,ByteArrayPool,,,,anInt6913,largePoolCount,ByteArrayPool,module,high,approved,Current number of cached 30000-byte buffers
field,ByteArrayPool,ByteArrayPool,,,,aByteArrayArray8505,largePoolBuffers,ByteArrayPool,module,high,approved,Cached 30000-byte buffer storage
field,ByteArrayPool,ByteArrayPool,,,,aByteArrayArrayArray9134,customPoolBuffers,ByteArrayPool,module,high,approved,Cached custom-size buffer buckets
field,ByteArrayPool,ByteArrayPool,,,,anIntArray8684,customPoolBucketSizes,ByteArrayPool,module,high,approved,Configured custom-size buffer bucket lengths
field,ByteArrayPool,ByteArrayPool,,,,anIntArray2552,customPoolCounts,ByteArrayPool,module,high,approved,Current cached-count per custom-size bucket
method,ByteArraySecondaryNode,ByteArraySecondaryNode,,,,method3174,fitViewportAndApplyLetterbox,ByteArraySecondaryNode,module,high,approved,
method,ByteArraySecondaryNode,ByteArraySecondaryNode,,,,method3175,updateSceneEnvironmentAndPostEffects,ByteArraySecondaryNode,module,high,approved,
method,ByteArraySecondaryNode,ByteArraySecondaryNode,,,,method3176,clearStaticState,ByteArraySecondaryNode,module,high,approved,
method,ByteArraySecondaryNode,ByteArraySecondaryNode,,,,method3177,clearWorldMapOverlayState,ByteArraySecondaryNode,module,high,approved,
method,ByteArraySecondaryNode,ByteArraySecondaryNode,,,,method3178,setGroundResourceArchives,ByteArraySecondaryNode,module,high,approved,
method,ByteArraySecondaryNode,ByteArraySecondaryNode,,,,method3179,applyRendererPreferenceMode,ByteArraySecondaryNode,module,high,approved,
field,ByteArraySecondaryNode,ByteArraySecondaryNode,,,,aClass114_9503,legacyServerPacket9,ByteArraySecondaryNode,module,high,approved,Legacy server packet constant id 9
field,ByteArraySecondaryNode,ByteArraySecondaryNode,,,,aByteArray9499,value,ByteArraySecondaryNode,module,high,approved,Stored byte-array payload
field,RasterizerVerticalLine,RasterizerVerticalLine,,,,aShortArray9502,recolorPalette,RasterizerVerticalLine,module,high,approved,Shared recolor palette lookup
field,ByteArraySecondaryNode,ByteArraySecondaryNode,,,,aBoolean9498,mapBuildShadowsEnabled,ByteArraySecondaryNode,module,high,approved,Global toggle used during map build to apply object-ground shadow stamping
field,PacketWriter,PacketWriter,,,,anInt9504,onscreenTransientCount,PacketWriter,module,high,approved,Count of onscreen transient entities for sorting/debug
field,ByteArraySecondaryNode,ByteArraySecondaryNode,,,,anIntArray9505,projectedScreenCoords,ByteArraySecondaryNode,module,high,approved,Temporary projected screen xyz coords
field,ChatLine,ChatLine,,,,anInt9501,chatMessageCycle,ChatLine,module,high,approved,Chat-line event cycle marker used by widget trigger comparisons
local,ClientFrameUpdateUtil,ClientFrameUpdateUtil,,,,class302,frameUpdateUtilVar,ClientFrameUpdateUtil,module,high,approved,
local,ClientFrameUpdateUtil,ClientFrameUpdateUtil,,,,class302s,frameUpdateUtilVars,ClientFrameUpdateUtil,module,high,approved,
field,DequeIterator,DequeIterator,,,,aClass262_3923,deque,DequeIterator,module,high,approved,Deque being iterated
field,DequeIterator,DequeIterator,,,,aClass348_3922,iterCursor,DequeIterator,module,high,approved,Iterator cursor for current deque traversal
method,DequeIterator,DequeIterator,,,,method2327,first,DequeIterator,module,high,approved,
method,DequeIterator,DequeIterator,,,,method2328,setDeque,DequeIterator,module,high,approved,
method,DequeIterator,DequeIterator,,,,method2329,next,DequeIterator,module,high,approved,
method,DequeIterator,DequeIterator,,,,method2330,resetInboundProtocolState,DequeIterator,module,high,approved,
method,DequeIterator,DequeIterator,,,,method2331,clearStaticState,DequeIterator,module,high,approved,
method,DequeIterator,DequeIterator,,,,method2332,hasBit0x20,DequeIterator,module,high,approved,
field,DoublyLinkedNode,DoublyLinkedNode,,,,aClass318_3970,next,DoublyLinkedNode,module,high,approved,Next node in intrusive deque
field,DoublyLinkedNode,DoublyLinkedNode,,,,aClass318_3976,prev,DoublyLinkedNode,module,high,approved,Previous node in intrusive deque
local,DoublyLinkedNode,DoublyLinkedNode,,,,class318,doublyLinkedNodeVar,DoublyLinkedNode,module,high,approved,
local,DoublyLinkedNode,DoublyLinkedNode,,,,class318s,doublyLinkedNodeVars,DoublyLinkedNode,module,high,approved,
method,DoublyLinkedNode,DoublyLinkedNode,,,,method2373,unlink,DoublyLinkedNode,module,high,approved,Detach node from intrusive doubly linked deque
method,DoublyLinkedNode,DoublyLinkedNode,,,,method2374,clearStaticState,DoublyLinkedNode,module,high,approved,
method,DoublyLinkedNode,DoublyLinkedNode,,,,method2375,clearBufferedSocketCache,DoublyLinkedNode,module,high,approved,
method,DoublyLinkedNodeUtil,DoublyLinkedNodeUtil,,,,method1882,clearStaticState,DoublyLinkedNodeUtil,module,high,approved,
method,DoublyLinkedNodeUtil,DoublyLinkedNodeUtil,,,,method1883,linkBefore,DoublyLinkedNodeUtil,module,high,approved,
method,DoublyLinkedNodeUtil,DoublyLinkedNodeUtil,,,,method1884,renderOcclusionDebugOverlay,DoublyLinkedNodeUtil,module,high,approved,
field,DualNode,DualNode,,,,aClass318_Sub9_6468,dualPrev,DualNode,module,high,approved,
field,DualNode,DualNode,,,,aClass318_Sub9_6469,dualNext,DualNode,module,high,approved,
method,DualNode,DualNode,,,,method2514,unlinkDual,DualNode,module,high,approved,
field,HardReferenceNode,HardReferenceNode,,,,aClass230_10434,modeGame,HardReferenceNode,module,high,approved,ModeGame reference used by HardReferenceNode static state
field,HardReferenceNode,HardReferenceNode,,,,aClass74_10437,zoneUpdateType,HardReferenceNode,module,high,approved,Zone update type used by packet handling
field,,SceneLightingState,,,,aLongArrayArrayArray10431,sceneTileLightTags,SceneLightingState,module,high,approved,Scene tile light-tag grid used by scene/entity rendering
field,,SceneLightingState,,,,aClass76_10436,scenePickBufferQueue,SceneLightingState,module,high,approved,Shared scene pick buffer queue
field,HardReferenceNode,HardReferenceNode,,,,anInt10430,processInboundServerPacketsCount,HardReferenceNode,module,high,approved,Invocation counter for inbound packet dispatcher
field,,SceneRenderFlags,,,,anInt10433,hasRenderableSceneFlagsChecks,SceneRenderFlags,module,high,approved,Invocation counter for hasRenderableSceneFlags
field,HardReferenceNode,HardReferenceNode,,,,anInt10435,getValueCount,HardReferenceNode,module,high,approved,Invocation counter for getValue
field,HardReferenceNode,HardReferenceNode,,,,anInt10438,isSoftChecks,HardReferenceNode,module,high,approved,Invocation counter for isSoft
field,HardReferenceNode,HardReferenceNode,,,,anInt10432,renderHeight,HardReferenceNode,module,high,approved,Global game render height
field,HardReferenceNode,HardReferenceNode,,,,anObject10429,value,HardReferenceNode,module,high,approved,Hard reference payload value
method,HardReferenceNode,HardReferenceNode,,,,method3193,getValue,HardReferenceNode,module,high,approved,Hard reference value accessor
method,HardReferenceNode,HardReferenceNode,,,,method3195,isSoft,HardReferenceNode,module,high,approved,Hard reference nodes are not soft
method,,SceneRenderFlags,,,,method3200,hasRenderableSceneFlags,SceneRenderFlags,module,high,approved,
method,HardReferenceNode,HardReferenceNode,,,,method3201,processInboundServerPackets,HardReferenceNode,module,high,approved,Reads and dispatches inbound server packets
method,,SceneLightingState,,,,method3202,clearSceneLightingState,SceneLightingState,module,high,approved,
local,HardReferenceNode,HardReferenceNode,processInboundServerPackets,,,bool_15_,hasDisplayNameFlag,HardReferenceNode,module,high,approved,[auto-collision-resolve: bool_15_ -> hasDisplayNameFlag]
local,HardReferenceNode,HardReferenceNode,processInboundServerPackets,,,bool_233_,hasDisplayNameOverride,HardReferenceNode,module,high,approved,
local,HardReferenceNode,HardReferenceNode,processInboundServerPackets,,,bool_235_,isSorted,HardReferenceNode,module,high,approved,
local,HardReferenceNode,HardReferenceNode,processInboundServerPackets,,,bool_81_,hasSenderIcon,HardReferenceNode,module,high,approved,
local,HardReferenceNode,HardReferenceNode,processInboundServerPackets,,,bool_83_,suppressQuickChatMessage,HardReferenceNode,module,high,approved,
local,HardReferenceNode,HardReferenceNode,processInboundServerPackets,,,class348_sub41,mapRegionLoader,HardReferenceNode,module,high,approved,
local,HardReferenceNode,HardReferenceNode,processInboundServerPackets,,,class348_sub41_10_,targetMapRegionLoader,HardReferenceNode,module,high,approved,
local,HardReferenceNode,HardReferenceNode,processInboundServerPackets,,,flag20,suppressMessage,HardReferenceNode,module,high,approved,
local,HardReferenceNode,HardReferenceNode,processInboundServerPackets,,,i_234_,friendEntryIndex,HardReferenceNode,module,high,approved,
local,HardReferenceNode,HardReferenceNode,processInboundServerPackets,,,i_236_,sortPassRemaining,HardReferenceNode,module,high,approved,
local,HardReferenceNode,HardReferenceNode,processInboundServerPackets,,,i_237_,sortCompareIndex,HardReferenceNode,module,high,approved,
local,HardReferenceNode,HardReferenceNode,processInboundServerPackets,,,i_71_,existingFriendIndex,HardReferenceNode,module,high,approved,
local,HardReferenceNode,HardReferenceNode,processInboundServerPackets,,,i_73_,insertPosition,HardReferenceNode,module,high,approved,
local,HardReferenceNode,HardReferenceNode,processInboundServerPackets,,,i_74_,nameCompare,HardReferenceNode,module,high,approved,
local,HardReferenceNode,HardReferenceNode,processInboundServerPackets,,,i_75_,shiftIndex,HardReferenceNode,module,high,approved,
local,HardReferenceNode,HardReferenceNode,processInboundServerPackets,,,i_76_,pendingSpawnSlot,HardReferenceNode,module,high,approved,
local,HardReferenceNode,HardReferenceNode,processInboundServerPackets,,,l_19_,chatDedupeKey,HardReferenceNode,module,high,approved,
local,HardReferenceNode,HardReferenceNode,processInboundServerPackets,,,string_84_,chatMessageText,HardReferenceNode,module,high,approved,
local,HardReferenceNode,HardReferenceNode,processInboundServerPackets,,,text82,senderDisplayName,HardReferenceNode,module,high,approved,
field,HashTable,HashTable,,,,aClass348Array4374,buckets,HashTable,module,high,approved,Bucket sentinel nodes (one per bucket)
field,HashTable,HashTable,,,,aClass348_4389,searchCursor,HashTable,module,high,approved,Cursor used by method3476/method3480
field,HashTable,HashTable,,,,aClass348_4390,iterCursor,HashTable,module,high,approved,Cursor used by method3482 iteration
field,HashTable,HashTable,,,,aLong4385,searchKey,HashTable,module,high,approved,Current lookup key during search/iteration
field,HashTable,HashTable,,,,anInt4377,bucketCount,HashTable,module,high,approved,Number of buckets
field,HashTable,HashTable,,,,anInt4391,iterBucketIndex,HashTable,module,high,approved,Current bucket index during iteration
method,HashTable,HashTable,,,,method3474,size,HashTable,module,high,approved,Count nodes in table
method,HashTable,HashTable,,,,method3475,getBucketCount,HashTable,module,high,approved,Return configured bucket count
method,HashTable,HashTable,,,,method3476,nextWithKey,HashTable,module,high,approved,Continue lookup for duplicate key
method,HashTable,HashTable,,,,method3477,copyNodesToArray,HashTable,module,high,approved,Copy all nodes into destination array
method,HashTable,HashTable,,,,method3478,clearStaticState,HashTable,module,high,approved,
method,HashTable,HashTable,,,,method3479,nextVisibleWorldMapMarker,HashTable,module,high,approved,
method,HashTable,HashTable,,,,method3480,get,HashTable,module,high,approved,Lookup first node by key
method,HashTable,HashTable,,,,method3481,clear,HashTable,module,high,approved,Clear all buckets
method,HashTable,HashTable,,,,method3482,next,HashTable,module,high,approved,Advance table iteration
method,HashTable,HashTable,,,,method3483,put,HashTable,module,high,approved,Insert node by key
method,HashTable,HashTable,,,,method3484,first,HashTable,module,high,approved,Start table iteration
field,HashTableIterator,HashTableIterator,,,,aClass348_4150,iterCursor,HashTableIterator,module,high,approved,Cursor within current bucket chain
field,HashTableIterator,HashTableIterator,,,,aClass356_4146,table,HashTableIterator,module,high,approved,Hash table being iterated
field,HashTableIterator,HashTableIterator,,,,anInt4148,iterBucketIndex,HashTableIterator,module,high,approved,Current bucket index during iteration
method,HashTableIterator,HashTableIterator,,,,method2643,setTileOverlayData,HashTableIterator,module,high,approved,Write decoded tile-overlay color/texture/shape into region overlay buffers
method,HashTableIterator,HashTableIterator,,,,method2644,first,HashTableIterator,module,high,approved,Start iterator at first node
method,HashTableIterator,HashTableIterator,,,,method2645,clearStaticState,HashTableIterator,module,high,approved,
method,HashTableIterator,HashTableIterator,,,,method2646,next,HashTableIterator,module,high,approved,Advance iterator to next node
field,IntHashTable,IntHashTable,,,,aClass348_Sub51_3959,clientPreferences,IntHashTable,module,high,approved,Global client preferences handle
field,IntHashTable,IntHashTable,,,,anIntArray3961,table,IntHashTable,module,high,approved,Interleaved key/index lookup table
method,IntHashTable,IntHashTable,,,,method2363,prepareSceneHeightLoad,IntHashTable,module,high,approved,
method,IntHashTable,IntHashTable,,,,method2364,drawCubicBezier,IntHashTable,module,high,approved,
method,IntHashTable,IntHashTable,,,,method2365,get,IntHashTable,module,high,approved,Lookup original index by int key
method,IntHashTable,IntHashTable,,,,method2366,clearStaticState,IntHashTable,module,high,approved,
method,IntHashTable,IntHashTable,,,,method2367,formatChatMessageLine,IntHashTable,module,high,approved,
method,IntHashTable,IntHashTable,,,,method2368,clearCharCountCache,IntHashTable,module,high,approved,
field,IntNode,IntNode,,,,anInt6976,value,IntNode,module,high,approved,Stored integer payload
method,IntNode,IntNode,,,,method3027,updateAudioState,IntNode,module,high,approved,
field,ZoneUpdateDecoder,ZoneUpdateDecoder,,,,aClass74_6977,zoneUpdateType8,ZoneUpdateDecoder,module,high,approved,Zone-update type constant id 8
field,LoadStateProcessor,LoadStateProcessor,,,,aClass45_6980,loadingScreenArchive,LoadStateProcessor,module,high,approved,Archive used for loading/login screen resources
field,LowMemoryTextureResolutionPreference,LowMemoryTextureResolutionPreference,,,,anInt6979,cameraDistance,LowMemoryTextureResolutionPreference,module,high,approved,Smoothed scene camera distance accumulator
field,DynamicLightingPreference,DynamicLightingPreference,,,,anInt6981,dynamicLightingLevel,DynamicLightingPreference,module,high,approved,Dynamic-lighting intensity level
field,ReflectionCheck,ReflectionCheck,,,,aClass262_6978,reflectionCheckQueue,ReflectionCheck,module,high,approved,Queue of pending reflection checks extracted from IntNode
local,JagBuffer,JagBuffer,,,,class348_sub49,buffer,JagBuffer,module,high,approved,
method,LinkDeque,LinkDeque,,,,method1869,addLast,LinkDeque,module,high,approved,
method,LinkDeque,LinkDeque,,,,method1870,iterateFromBack,LinkDeque,module,high,approved,
method,LinkDeque,LinkDeque,,,,method1871,isEmpty,LinkDeque,module,high,approved,
method,LinkDeque,LinkDeque,,,,method1872,iterateFromFront,LinkDeque,module,high,approved,
method,LinkDeque,LinkDeque,,,,method1873,clearStaticState,LinkDeque,module,high,approved,
method,LinkDeque,LinkDeque,,,,method1874,size,LinkDeque,module,high,approved,
method,LinkDeque,LinkDeque,,,,method1875,removeFirst,LinkDeque,module,high,approved,
method,LinkDeque,LinkDeque,,,,method1876,clear,LinkDeque,module,high,approved,
method,LinkDeque,LinkDeque,,,,method1877,updateActiveParticleSystems,LinkDeque,module,high,approved,
method,LinkDeque,LinkDeque,,,,method1878,iterateNext,LinkDeque,module,high,approved,
method,LinkDeque,LinkDeque,,,,method1879,selectSceneTileBuffers,LinkDeque,module,high,approved,
field,LinkedNodeHashTable,LinkedNodeHashTable,,,,aClass348_Sub42Array452,buckets,LinkedNodeHashTable,module,high,approved,Bucket sentinel nodes (one per bucket)
field,LinkedNodeHashTable,LinkedNodeHashTable,,,,aClass348_Sub42_454,searchCursor,LinkedNodeHashTable,module,high,approved,Cursor used by method334/method336
field,LinkedNodeHashTable,LinkedNodeHashTable,,,,aLong453,searchKey,LinkedNodeHashTable,module,high,approved,Current lookup key during search/iteration
field,LinkedNodeHashTable,LinkedNodeHashTable,,,,anInt448,bucketCount,LinkedNodeHashTable,module,high,approved,Number of buckets
method,LinkedNodeHashTable,LinkedNodeHashTable,,,,method334,get,LinkedNodeHashTable,module,high,approved,Lookup first secondary node by key
method,LinkedNodeHashTable,LinkedNodeHashTable,,,,method335,put,LinkedNodeHashTable,module,high,approved,Insert secondary node by key
method,LinkedNodeHashTable,LinkedNodeHashTable,,,,method336,nextWithKey,LinkedNodeHashTable,module,high,approved,Continue lookup for duplicate key
local,LinkedNodeHashTable,LinkedNodeHashTable,get,,,class348_sub42,bucketNode,LinkedNodeHashTable,module,high,approved,Bucket sentinel/local node in get traversal
local,LinkedNodeHashTable,LinkedNodeHashTable,get,,,class348_sub42_0_,foundNode,LinkedNodeHashTable,module,high,approved,Matched node returned by get
local,LinkedNodeHashTable,LinkedNodeHashTable,put,,,class348_sub42_1_,bucketSentinel,LinkedNodeHashTable,module,high,approved,Target bucket sentinel in put
local,LinkedNodeHashTable,LinkedNodeHashTable,nextWithKey,,,class348_sub42,bucketNode,LinkedNodeHashTable,module,high,approved,Bucket sentinel/local node in nextWithKey traversal
local,LinkedNodeHashTable,LinkedNodeHashTable,nextWithKey,,,class348_sub42_3_,foundNode,LinkedNodeHashTable,module,high,approved,Matched node returned by nextWithKey
field,Node,Node,,,,aClass348_4294,next,Node,module,high,approved,Next node in intrusive list
field,Node,Node,,,,aClass348_4295,prev,Node,module,high,approved,Previous node in intrusive list
field,Node,Node,,,,aLong4291,key,Node,module,high,approved,Node key used by HashTable/NodeDeque
local,Node,Node,,,,class348,node,Node,module,high,approved,
method,Node,Node,,,,method2709,hasBit0x21,Node,module,high,approved,
method,Node,Node,,,,method2710,classifyThreshold96And128,Node,module,high,approved,
method,Node,Node,,,,method2711,buildCachedModelVariant,Node,module,high,approved,
method,Node,Node,,,,method2712,isLinked,Node,module,high,approved,Whether node is currently linked
method,Node,Node,,,,method2713,clearStaticState,Node,module,high,approved,
method,Node,Node,,,,method2714,isOneThreeOrFive,Node,module,high,approved,
method,Node,Node,,,,method2715,unlink,Node,module,high,approved,Detach node from primary doubly linked list
field,NodeDeque,NodeDeque,,,,aClass348_3334,sentinel,NodeDeque,module,high,approved,Sentinel node
field,NodeDeque,NodeDeque,,,,aClass348_3342,iterCursor,NodeDeque,module,high,approved,Iteration cursor
method,NodeDeque,NodeDeque,,,,method1988,moveAllToBackOf,NodeDeque,module,high,approved,
method,NodeDeque,NodeDeque,,,,method1989,spliceFromNodeToBackOf,NodeDeque,module,high,approved,
method,NodeDeque,NodeDeque,,,,method1990,next,NodeDeque,module,high,approved,Get next node using forward iterator cursor
method,NodeDeque,NodeDeque,,,,method1991,computeProjectedUvByMode,NodeDeque,module,high,approved,
method,NodeDeque,NodeDeque,,,,method1992,emitAdjacentSceneNodeLinks,NodeDeque,module,high,approved,
method,NodeDeque,NodeDeque,,,,method1993,last,NodeDeque,module,high,approved,Get last node and set reverse iterator cursor
method,NodeDeque,NodeDeque,,,,method1994,clearStaticState,NodeDeque,module,high,approved,
method,NodeDeque,NodeDeque,,,,method1995,first,NodeDeque,module,high,approved,Get first node and set forward iterator cursor
method,NodeDeque,NodeDeque,,,,method1996,clear,NodeDeque,module,high,approved,Unlink all nodes
method,NodeDeque,NodeDeque,,,,method1997,removeFirst,NodeDeque,module,high,approved,Remove and return first node
method,NodeDeque,NodeDeque,,,,method1998,size,NodeDeque,module,high,approved,Count nodes in deque
method,NodeDeque,NodeDeque,,,,method1999,addLast,NodeDeque,module,high,approved,Insert node at tail
method,NodeDeque,NodeDeque,,,,method2000,createOpenGLToolkit,NodeDeque,module,high,approved,
method,NodeDeque,NodeDeque,,,,method2001,addFirst,NodeDeque,module,high,approved,Insert node at head
method,NodeDeque,NodeDeque,,,,method2002,isEmpty,NodeDeque,module,high,approved,Whether deque contains no nodes
method,NodeDeque,NodeDeque,,,,method2003,prev,NodeDeque,module,high,approved,Get previous node using reverse iterator cursor
method,,ReferenceNode,,,,method3193,getValue,ReferenceNode,module,high,approved,Get cached value (hard/soft reference)
field,,ReferenceNode,,,,aClass114_9550,legacyServerPacket109,ReferenceNode,module,high,approved,Legacy server packet constant id 109
field,,ReferenceNode,,,,aClass114_9552,legacyServerPacket72,ReferenceNode,module,high,approved,Legacy server packet constant id 72
field,,ReferenceNode,,,,aClass351_9553,legacyClientPacket36,ReferenceNode,module,high,approved,Legacy client packet constant id 36
field,,ReferenceNode,,,,aString9554,loginStatusText,ReferenceNode,module,high,approved,Legacy login status text
method,,ReferenceNode,,,,method3194,isLegacyFlagSupported,ReferenceNode,module,high,approved,
method,,ReferenceNode,,,,method3195,isSoft,ReferenceNode,module,high,approved,Whether entry is soft-reference-backed
method,,ReferenceNode,,,,method3196,isLoginState3To6,ReferenceNode,module,high,approved,
method,,ReferenceNode,,,,method3197,isLoginState7Or9,ReferenceNode,module,high,approved,
method,,ReferenceNode,,,,method3198,resetClientWorldState,ReferenceNode,module,high,approved,
method,,ReferenceNode,,,,method3199,clearLegacyPacketConstants,ReferenceNode,module,high,approved,Clear legacy packet constants moved from ReferenceNode
method,ReferenceNodeFactory,ReferenceNodeFactory,,,,method1885,computeProjectedUv,ReferenceNodeFactory,module,high,approved,
method,ReferenceNodeFactory,ReferenceNodeFactory,,,,method1886,clearStaticState,ReferenceNodeFactory,module,high,approved,
method,ReferenceNodeFactory,ReferenceNodeFactory,,,,method1887,hasCompositeRenderFlags,ReferenceNodeFactory,module,high,approved,
field,ReferenceNodeFactory,ReferenceNodeFactory,,,,anIntArray3173,mapRegionOverlayShapeTable,ReferenceNodeFactory,module,high,approved,Lookup table for map-region overlay shape mapping
field,ReferenceNodeFactory,ReferenceNodeFactory,,,,aBoolean3174,worldMapInteractionActive,ReferenceNodeFactory,module,high,approved,Flag indicating active world-map interaction hover processing
field,ReferenceNodeFactory,ReferenceNodeFactory,,,,anInt3176,activeWidgetParamId,ReferenceNodeFactory,module,high,approved,Selected widget param id used by debug/interaction filters
field,ReferenceNodeFactory,ReferenceNodeFactory,,,,aFloat3177,previousBrightnessValue,ReferenceNodeFactory,module,high,approved,Previous brightness value used for interpolation
field,ReferenceNodeFactory,ReferenceNodeFactory,,,,aClass143_3179,loadingFontMetrics,ReferenceNodeFactory,module,high,approved,Font metrics used by loading/map overlay text rendering
field,SecondaryNodeList,SecondaryNodeList,,,,aClass348_Sub42_1647,sentinel,SecondaryNodeList,module,high,approved,List sentinel node
field,SecondaryNodeList,SecondaryNodeList,,,,aClass348_Sub42_1652,iterCursor,SecondaryNodeList,module,high,approved,Iteration cursor
method,SecondaryNodeList,SecondaryNodeList,,,,method1002,size,SecondaryNodeList,module,high,approved,Count nodes in list
method,SecondaryNodeList,SecondaryNodeList,,,,method1003,next,SecondaryNodeList,module,high,approved,Get next secondary node from iterator cursor
method,SecondaryNodeList,SecondaryNodeList,,,,method1004,clearStaticState,SecondaryNodeList,module,high,approved,
method,SecondaryNodeList,SecondaryNodeList,,,,method1005,addLast,SecondaryNodeList,module,high,approved,Insert secondary node at tail
method,SecondaryNodeList,SecondaryNodeList,,,,method1006,resetWorldMapRenderState,SecondaryNodeList,module,high,approved,
method,SecondaryNodeList,SecondaryNodeList,,,,method1007,renderMinimap,SecondaryNodeList,module,high,approved,
method,SecondaryNodeList,SecondaryNodeList,,,,method1008,removeFirst,SecondaryNodeList,module,high,approved,Remove and return first secondary node
method,SecondaryNodeList,SecondaryNodeList,,,,method1009,clear,SecondaryNodeList,module,high,approved,Unlink all secondary nodes
method,SecondaryNodeList,SecondaryNodeList,,,,method1010,applyProjectionViewportProfile,SecondaryNodeList,module,high,approved,
method,SecondaryNodeList,SecondaryNodeList,,,,method1011,first,SecondaryNodeList,module,high,approved,Get first secondary node and set iterator cursor
local,SecondaryNodeList,SecondaryNodeList,size,,,i,initialCount,SecondaryNodeList,module,high,approved,Initial count offset before traversal
local,SecondaryNodeList,SecondaryNodeList,next,,,i,guardByte,SecondaryNodeList,module,medium,approved,Decompiler guard byte parameter
local,SecondaryNodeList,SecondaryNodeList,clearStaticState,,,i,guardByte,SecondaryNodeList,module,medium,approved,Decompiler guard byte parameter
local,SecondaryNodeList,SecondaryNodeList,removeFirst,,,i,guardValue,SecondaryNodeList,module,medium,approved,Decompiler guard parameter
local,SecondaryNodeList,SecondaryNodeList,clear,,,i,guardValue,SecondaryNodeList,module,medium,approved,Decompiler guard parameter
local,SecondaryNodeList,SecondaryNodeList,first,,,i,guardValue,SecondaryNodeList,module,medium,approved,Decompiler guard parameter
local,SecondaryNodeList,SecondaryNodeList,renderMinimap,,,bool,isFriend,SecondaryNodeList,module,high,approved,Whether player is marked in friend list arrays
local,SecondaryNodeList,SecondaryNodeList,renderMinimap,,,bool_30_,isIgnoreEntry,SecondaryNodeList,module,high,approved,Whether player appears in ignore list array
local,SecondaryNodeList,SecondaryNodeList,renderMinimap,,,bool_32_,isSameTeam,SecondaryNodeList,module,high,approved,Whether player shares team id
local,SecondaryNodeList,SecondaryNodeList,renderMinimap,,,class348_sub35,mapIconNode,SecondaryNodeList,module,high,approved,Node containing map icon index
local,SecondaryNodeList,SecondaryNodeList,renderMinimap,,,class348_sub37,mapElementNode,SecondaryNodeList,module,high,approved,Dynamic map element node
local,SecondaryNodeList,SecondaryNodeList,renderMinimap,,,i_10_,iconTileX,SecondaryNodeList,module,high,approved,Map icon tile X
local,SecondaryNodeList,SecondaryNodeList,renderMinimap,,,i_11_,iconTileY,SecondaryNodeList,module,high,approved,Map icon tile Y
local,SecondaryNodeList,SecondaryNodeList,renderMinimap,,,i_12_,iconDeltaX,SecondaryNodeList,module,high,approved,Map icon minimap X offset
local,SecondaryNodeList,SecondaryNodeList,renderMinimap,,,i_13_,iconDeltaY,SecondaryNodeList,module,high,approved,Map icon minimap Y offset
local,SecondaryNodeList,SecondaryNodeList,renderMinimap,,,i_14_,mapObjectIndex,SecondaryNodeList,module,high,approved,Scene map object icon loop index
local,SecondaryNodeList,SecondaryNodeList,renderMinimap,,,i_15_,mapObjectDeltaX,SecondaryNodeList,module,high,approved,Scene map object minimap X offset
local,SecondaryNodeList,SecondaryNodeList,renderMinimap,,,i_16_,mapObjectDeltaY,SecondaryNodeList,module,high,approved,Scene map object minimap Y offset
local,SecondaryNodeList,SecondaryNodeList,renderMinimap,,,i_17_,mapElementPlane,SecondaryNodeList,module,high,approved,Dynamic map element plane
local,SecondaryNodeList,SecondaryNodeList,renderMinimap,,,i_18_,mapElementTileX,SecondaryNodeList,module,high,approved,Dynamic map element tile X
local,SecondaryNodeList,SecondaryNodeList,renderMinimap,,,i_19_,mapElementTileY,SecondaryNodeList,module,high,approved,Dynamic map element tile Y
local,SecondaryNodeList,SecondaryNodeList,renderMinimap,,,i_20_,mapElementDeltaX,SecondaryNodeList,module,high,approved,Dynamic map element minimap X offset
local,SecondaryNodeList,SecondaryNodeList,renderMinimap,,,i_21_,mapElementDeltaY,SecondaryNodeList,module,high,approved,Dynamic map element minimap Y offset
local,SecondaryNodeList,SecondaryNodeList,renderMinimap,,,i_22_,npcListIndex,SecondaryNodeList,module,high,approved,NPC list iteration index
local,SecondaryNodeList,SecondaryNodeList,renderMinimap,,,i_23_,npcDeltaX,SecondaryNodeList,module,high,approved,NPC minimap X offset
local,SecondaryNodeList,SecondaryNodeList,renderMinimap,,,i_24_,npcDeltaY,SecondaryNodeList,module,high,approved,NPC minimap Y offset
local,SecondaryNodeList,SecondaryNodeList,renderMinimap,,,i_25_,activePlayerCount,SecondaryNodeList,module,high,approved,Active tracked player count
local,SecondaryNodeList,SecondaryNodeList,renderMinimap,,,i_26_,playerListIndex,SecondaryNodeList,module,high,approved,Player list iteration index
local,SecondaryNodeList,SecondaryNodeList,renderMinimap,,,i_27_,playerDeltaX,SecondaryNodeList,module,high,approved,Player minimap X offset
local,SecondaryNodeList,SecondaryNodeList,renderMinimap,,,i_28_,playerDeltaY,SecondaryNodeList,module,high,approved,Player minimap Y offset
local,SecondaryNodeList,SecondaryNodeList,renderMinimap,,,i_29_,friendCheckIndex,SecondaryNodeList,module,high,approved,Friend check loop index
local,SecondaryNodeList,SecondaryNodeList,renderMinimap,,,i_31_,ignoreCheckIndex,SecondaryNodeList,module,high,approved,Ignore check loop index
local,SecondaryNodeList,SecondaryNodeList,renderMinimap,,,i_33_,hintArrowIndex,SecondaryNodeList,module,high,approved,Hint arrow slot index
local,SecondaryNodeList,SecondaryNodeList,renderMinimap,,,i_34_,hintNpcDeltaX,SecondaryNodeList,module,high,approved,Hint NPC minimap X offset
local,SecondaryNodeList,SecondaryNodeList,renderMinimap,,,i_35_,hintNpcDeltaY,SecondaryNodeList,module,high,approved,Hint NPC minimap Y offset
local,SecondaryNodeList,SecondaryNodeList,renderMinimap,,,i_36_,hintWorldDeltaX,SecondaryNodeList,module,high,approved,Hint world target minimap X offset
local,SecondaryNodeList,SecondaryNodeList,renderMinimap,,,i_37_,hintWorldDeltaY,SecondaryNodeList,module,high,approved,Hint world target minimap Y offset
local,SecondaryNodeList,SecondaryNodeList,renderMinimap,,,i_38_,hintPlayerDeltaX,SecondaryNodeList,module,high,approved,Hint player minimap X offset
local,SecondaryNodeList,SecondaryNodeList,renderMinimap,,,i_39_,hintPlayerDeltaY,SecondaryNodeList,module,high,approved,Hint player minimap Y offset
local,SecondaryNodeList,SecondaryNodeList,renderMinimap,,,i_3_,cameraY,SecondaryNodeList,module,high,approved,Current minimap camera Y world coord
local,SecondaryNodeList,SecondaryNodeList,renderMinimap,,,i_40_,destinationDeltaX,SecondaryNodeList,module,high,approved,Destination marker minimap X offset
local,SecondaryNodeList,SecondaryNodeList,renderMinimap,,,i_41_,destinationDeltaY,SecondaryNodeList,module,high,approved,Destination marker minimap Y offset
local,SecondaryNodeList,SecondaryNodeList,renderMinimap,,,i_4_,cameraX,SecondaryNodeList,module,high,approved,Current minimap camera X world coord
local,SecondaryNodeList,SecondaryNodeList,renderMinimap,,,i_5_,minimapZoom,SecondaryNodeList,module,high,approved,Minimap zoom scalar
local,SecondaryNodeList,SecondaryNodeList,renderMinimap,,,i_6_,cameraYaw,SecondaryNodeList,module,high,approved,Minimap camera yaw
local,SecondaryNodeList,SecondaryNodeList,renderMinimap,,,i_7_,mapCenterX,SecondaryNodeList,module,high,approved,Minimap center X offset
local,SecondaryNodeList,SecondaryNodeList,renderMinimap,,,i_8_,mapCenterY,SecondaryNodeList,module,high,approved,Minimap center Y offset
local,SecondaryNodeList,SecondaryNodeList,renderMinimap,,,i_9_,iconIndex,SecondaryNodeList,module,high,approved,Map icon index into world map arrays
field,SecondaryNodeIterator,SecondaryNodeIterator,,,,aClass107_2118,list,SecondaryNodeIterator,module,high,approved,
field,SecondaryNodeIterator,SecondaryNodeIterator,,,,aClass348_Sub42_2115,cursor,SecondaryNodeIterator,module,high,approved,
method,SecondaryNodeIterator,SecondaryNodeIterator,,,,method1238,hasOcclusionFlag0x800,SecondaryNodeIterator,module,high,approved,
method,SecondaryNodeIterator,SecondaryNodeIterator,,,,method1239,clearStaticState,SecondaryNodeIterator,module,high,approved,
method,SecondaryNodeIterator,SecondaryNodeIterator,,,,method1240,first,SecondaryNodeIterator,module,high,approved,
method,SecondaryNodeIterator,SecondaryNodeIterator,,,,method1241,hasOverlayInteractionBits,SecondaryNodeIterator,module,high,approved,
method,SecondaryNodeIterator,SecondaryNodeIterator,,,,method1242,reportClientError,SecondaryNodeIterator,module,high,approved,
method,SecondaryNodeIterator,SecondaryNodeIterator,,,,method1243,next,SecondaryNodeIterator,module,high,approved,
method,LoadResourceHandle,LoadResourceHandle,,,,method720,clearClientCachesWithBudget,LoadResourceHandle,module,high,approved,
method,LoadResourceHandle,LoadResourceHandle,,,,method721,linkSecondaryBefore,LoadResourceHandle,module,high,approved,
method,LoadResourceHandle,LoadResourceHandle,,,,method722,clearStaticState,LoadResourceHandle,module,high,approved,
method,LoadResourceHandle,LoadResourceHandle,,,,method723,hasPrimaryOcclusionFlags,LoadResourceHandle,module,high,approved,
method,LoadResourceHandle,LoadResourceHandle,,,,method724,hasAnyOcclusionFlags,LoadResourceHandle,module,high,approved,
field,SecondaryNodeList,SecondaryNodeList,,,,anInt1651,viewportHeight,SecondaryNodeList,module,high,approved,Current viewport height used across rendering/layout code
field,SecondaryNodeList,SecondaryNodeList,,,,anIntArray1650,glDeleteHandleBuffer,SecondaryNodeList,module,high,approved,Scratch int buffer used for batched GL object deletes
field,SecondaryNodeList,SecondaryNodeList,,,,anInt1645,currentDisplayMode,SecondaryNodeList,module,medium,approved,Current display/window mode value used by script and GL paths
field,SecondaryNodeIterator,SecondaryNodeIterator,,,,aStringArray2113,wrappedTextLines,SecondaryNodeIterator,module,high,approved,Shared wrapped-lines buffer used by font renderer
field,SecondaryNodeIterator,SecondaryNodeIterator,,,,anIntArray2117,occluderDepthByColumn,SecondaryNodeIterator,module,medium,approved,Per-column occluder depth buffer used in scene visibility passes
field,LoadResourceHandle,LoadResourceHandle,,,,anInt1200,activeOccluderCount,LoadResourceHandle,module,high,approved,Current active occluder count emitted for scene rendering
local,SecondaryNodeList,SecondaryNodeList,size,,,i_0_,count,SecondaryNodeList,module,high,approved,Current running node count
local,SecondaryNodeList,SecondaryNodeList,size,,,class348_sub42,node,SecondaryNodeList,module,high,approved,Secondary node iterator variable
local,SecondaryNodeList,SecondaryNodeList,next,,,class348_sub42,node,SecondaryNodeList,module,high,approved,Iterator return node
local,SecondaryNodeList,SecondaryNodeList,addLast,,,class348_sub42,node,SecondaryNodeList,module,high,approved,Node being inserted at list tail
local,SecondaryNodeList,SecondaryNodeList,removeFirst,,,class348_sub42,node,SecondaryNodeList,module,high,approved,First node being removed
local,SecondaryNodeList,SecondaryNodeList,clear,,,class348_sub42,node,SecondaryNodeList,module,high,approved,Node being unlinked during clear loop
local,SecondaryNodeList,SecondaryNodeList,first,,,class348_sub42,node,SecondaryNodeList,module,high,approved,First node returned by iterator reset
local,SecondaryNodeIterator,SecondaryNodeIterator,first,,,class348_sub42,node,SecondaryNodeIterator,module,high,approved,First node returned by iterator start
local,SecondaryNodeIterator,SecondaryNodeIterator,next,,,class348_sub42,node,SecondaryNodeIterator,module,high,approved,Next node returned by iterator
local,LoadResourceHandle,LoadResourceHandle,linkSecondaryBefore,,,class348_sub42,beforeNode,LoadResourceHandle,module,high,approved,Anchor node that receives insertion before it
local,LoadResourceHandle,LoadResourceHandle,linkSecondaryBefore,,,class348_sub42_1_,nodeToInsert,LoadResourceHandle,module,high,approved,Node inserted before anchor
field,LoadResourceHandle,LoadResourceHandle,,,,aClass69_1195,indexProgressHandle,LoadResourceHandle,module,high,approved,Resource handle token returned by IndexProgressProvider
field,LoadResourceHandle,LoadResourceHandle,,,,aClass69_1197,billboardTypeHandle,LoadResourceHandle,module,high,approved,Resource handle token returned by BillboardTypeList
field,LoadResourceHandle,LoadResourceHandle,,,,aClass69_1198,indexGroupHandle,LoadResourceHandle,module,high,approved,Resource handle token returned by IndexGroupLoader
field,LoadResourceHandle,LoadResourceHandle,,,,aClass69_1199,downloadTaskHandle,LoadResourceHandle,module,high,approved,Resource handle token returned by ResourceDownloadTask
field,LoadResourceHandle,LoadResourceHandle,,,,aClass173_1201,blendModeAdditive,LoadResourceHandle,module,high,approved,Blend-mode token selecting additive blending in native toolkits
field,LoadResourceHandle,LoadResourceHandle,,,,anInt1202,viewportCenterX,LoadResourceHandle,module,high,approved,Projected viewport center X used by scene/world-map screen coordinate transforms
field,SecondaryNode,SecondaryNode,,,,aClass348_Sub42_7060,secondaryPrev,SecondaryNode,module,high,approved,Previous node in secondary list
field,SecondaryNode,SecondaryNode,,,,aClass348_Sub42_7063,secondaryNext,SecondaryNode,module,high,approved,Next node in secondary list
field,SecondaryNode,SecondaryNode,,,,aLong7057,secondaryKey,SecondaryNode,module,high,approved,
local,SecondaryNode,SecondaryNode,,,,class348_sub42,secondaryNode,SecondaryNode,module,high,approved,
method,SecondaryNode,SecondaryNode,,,,method3161,clearStaticState,SecondaryNode,module,high,approved,
method,SecondaryNode,SecondaryNode,,,,method3162,unlinkSecondary,SecondaryNode,module,high,approved,Detach node from secondary linked list
method,SecondaryNode,SecondaryNode,,,,method3163,resetPlayerUpdateTracking,SecondaryNode,module,high,approved,
method,SecondaryNode,SecondaryNode,,,,method3164,isSecondaryLinked,SecondaryNode,module,high,approved,Whether node is currently linked in secondary list
field,ShortNode,ShortNode,,,,aShort6911,value,ShortNode,module,high,approved,Stored short payload
field,LoadStateProcessor,LoadStateProcessor,,,,aClass45_6909,animationArchive,LoadStateProcessor,module,high,approved,Archive used for animation/sequence resources during loading
method,ShortNode,ShortNode,,,,method3003,clearStaticState,ShortNode,module,high,approved,
method,ShortNode,ShortNode,,,,method3004,setStepArchiveAndTextureProvider,ShortNode,module,high,approved,
method,SoftReferenceNode,SoftReferenceNode,,,,method3193,getValue,SoftReferenceNode,module,high,approved,Soft reference value accessor
method,SoftReferenceNode,SoftReferenceNode,,,,method3195,isSoft,SoftReferenceNode,module,high,approved,Soft reference nodes report true
method,,SoftReferenceNodeFactory,,,,method1888,createSoftReferenceNode,SoftReferenceNodeFactory,module,high,approved,
field,SoftReferenceNode,SoftReferenceNode,,,,aSoftReference10428,softValueRef,SoftReferenceNode,module,high,approved,Backing SoftReference payload holder
method,,ReferenceNodeFactory,,,,method1888,createSoftReferenceNode,ReferenceNodeFactory,module,high,approved,Abstract factory API for soft-reference wrapping
local,ReferenceNodeFactory,ReferenceNodeFactory,createSoftReferenceNode,,,class348_sub42_sub8,referenceNode,ReferenceNodeFactory,module,high,approved,Reference node argument in abstract factory API
local,SoftReferenceNodeFactory,SoftReferenceNodeFactory,createSoftReferenceNode,,,class348_sub42_sub8,referenceNode,SoftReferenceNodeFactory,module,high,approved,Reference node argument in soft-reference factory
field,StringNode,StringNode,,,,aString7211,value,StringNode,module,high,approved,Stored string payload
field,StringNode,StringNode,,,,aByteArrayArray7212,npcSpawnPayloads,StringNode,module,high,approved,NPC spawn payloads loaded per map region
field,StringNode,StringNode,,,,anInt7213,npcSpawnLoadTimeoutTicks,StringNode,module,high,approved,Timeout watchdog ticks while waiting for npc spawn payloads
method,StringNode,StringNode,,,,method3418,clearNpcSpawnPayloads,StringNode,module,high,approved,
method,StringNode,StringNode,,,,method3419,clearImageProcessingBuffers,StringNode,module,high,approved,
method,StringNode,StringNode,,,,method3420,getLoadedResourceCount,StringNode,module,high,approved,Returns loaded resource-file count used by loading progress
local,Widget,Widget,,,,class46,widget,Widget,module,high,approved,
local,Widget,Widget,,,,class46s,widgets,Widget,module,high,approved,
field,SecondaryNodeList,SecondaryNodeList,,,,anInt1642,applyProjectionViewportProfileCallCount,SecondaryNodeList,module,high,approved,Call counter for projection viewport profile helper
field,SecondaryNodeList,SecondaryNodeList,,,,anInt1643,sizeCallCount,SecondaryNodeList,module,high,approved,Call counter for size helper
field,SecondaryNodeList,SecondaryNodeList,,,,anInt1644,nextCallCount,SecondaryNodeList,module,high,approved,Call counter for iterator next helper
field,SecondaryNodeList,SecondaryNodeList,,,,anInt1646,clearCallCount,SecondaryNodeList,module,high,approved,Call counter for clear helper
field,SecondaryNodeList,SecondaryNodeList,,,,anInt1648,renderMinimapCallCount,SecondaryNodeList,module,high,approved,Call counter for minimap render helper
field,SecondaryNodeList,SecondaryNodeList,,,,anInt1649,firstCallCount,SecondaryNodeList,module,high,approved,Call counter for first helper
field,SecondaryNodeList,SecondaryNodeList,,,,anInt1653,removeFirstCallCount,SecondaryNodeList,module,high,approved,Call counter for remove-first helper
field,SecondaryNodeList,SecondaryNodeList,,,,anInt1654,addLastCallCount,SecondaryNodeList,module,high,approved,Call counter for add-last helper
field,SecondaryNodeList,SecondaryNodeList,,,,anInt1655,resetWorldMapRenderStateCallCount,SecondaryNodeList,module,high,approved,Call counter for world-map reset helper
local,SecondaryNodeIterator,SecondaryNodeIterator,hasOcclusionFlag0x800,,,i,flags,SecondaryNodeIterator,module,high,approved,Bitfield value checked for 0x800 flag
local,SecondaryNodeIterator,SecondaryNodeIterator,hasOcclusionFlag0x800,,,i_0_,unusedValue,SecondaryNodeIterator,module,medium,approved,Unused decompiler parameter
local,SecondaryNodeIterator,SecondaryNodeIterator,hasOcclusionFlag0x800,,,i_1_,guardValue,SecondaryNodeIterator,module,medium,approved,Decompiler guard parameter
local,SecondaryNodeIterator,SecondaryNodeIterator,hasOverlayInteractionBits,,,i,unusedValue,SecondaryNodeIterator,module,medium,approved,Unused decompiler parameter
local,SecondaryNodeIterator,SecondaryNodeIterator,hasOverlayInteractionBits,,,i_2_,flags,SecondaryNodeIterator,module,high,approved,Bitfield value checked for overlay interaction bits
local,SecondaryNodeIterator,SecondaryNodeIterator,hasOverlayInteractionBits,,,i_3_,guardValue,SecondaryNodeIterator,module,medium,approved,Decompiler guard parameter
local,SecondaryNodeIterator,SecondaryNodeIterator,next,,,i,guardByte,SecondaryNodeIterator,module,medium,approved,Decompiler guard byte parameter
local,LoadResourceHandle,LoadResourceHandle,clearClientCachesWithBudget,,,i,cacheBudget,LoadResourceHandle,module,high,approved,Cache clear budget value
local,LoadResourceHandle,LoadResourceHandle,clearClientCachesWithBudget,,,i_0_,guardValue,LoadResourceHandle,module,medium,approved,Decompiler guard parameter
local,LoadResourceHandle,LoadResourceHandle,hasPrimaryOcclusionFlags,,,i,occlusionFlags,LoadResourceHandle,module,high,approved,Occlusion flag mask to evaluate
local,LoadResourceHandle,LoadResourceHandle,hasPrimaryOcclusionFlags,,,i_2_,interactionFlags,LoadResourceHandle,module,high,approved,Interaction/collision flags used in occlusion checks
local,LoadResourceHandle,LoadResourceHandle,hasPrimaryOcclusionFlags,,,i_3_,guardByte,LoadResourceHandle,module,medium,approved,Decompiler guard byte parameter
local,LoadResourceHandle,LoadResourceHandle,hasAnyOcclusionFlags,,,i,occlusionFlags,LoadResourceHandle,module,high,approved,Occlusion flag mask to evaluate
local,LoadResourceHandle,LoadResourceHandle,hasAnyOcclusionFlags,,,i_4_,interactionFlags,LoadResourceHandle,module,high,approved,Interaction/collision flags used in occlusion checks
local,LoadResourceHandle,LoadResourceHandle,hasAnyOcclusionFlags,,,i_5_,guardValue,LoadResourceHandle,module,medium,approved,Decompiler guard parameter
local,SecondaryNodeIterator,SecondaryNodeIterator,reportClientError,,,i,guardValue,SecondaryNodeIterator,module,medium,approved,Decompiler guard parameter
local,SecondaryNodeIterator,SecondaryNodeIterator,reportClientError,,,text4,errorText,SecondaryNodeIterator,module,high,approved,Encoded client error text payload
local,SecondaryNodeIterator,SecondaryNodeIterator,reportClientError,,,class144,errorReportRequest,SecondaryNodeIterator,module,high,approved,URL request handle for remote client error report
local,SecondaryNodeIterator,SecondaryNodeIterator,reportClientError,,,datainputstream,responseStream,SecondaryNodeIterator,module,high,approved,Response stream for error report acknowledgment
local,LoadResourceHandle,LoadResourceHandle,linkSecondaryBefore,,,i,guardValue,LoadResourceHandle,module,medium,approved,Decompiler guard parameter
field,SecondaryNodeIterator,SecondaryNodeIterator,,,,aFloat2111,projectedDepthOffset,SecondaryNodeIterator,module,high,approved,Projected depth offset term reused in OpenGL model transform calculations
local,SecondaryNodeIterator,SecondaryNodeIterator,clearStaticState,,,i,guardValue,SecondaryNodeIterator,module,medium,approved,Decompiler guard parameter
local,SecondaryNodeIterator,SecondaryNodeIterator,first,,,i,guardValue,SecondaryNodeIterator,module,medium,approved,Decompiler guard parameter
local,SecondaryNodeList,SecondaryNodeList,addLast,,,bool,shouldLink,SecondaryNodeList,module,medium,approved,Decompiler boolean controlling list-link operation
local,SecondaryNodeIterator,SecondaryNodeIterator,,,,secondaryLinkedListVar,secondaryList,SecondaryNodeIterator,module,high,approved,List instance injected into iterator constructor
local,collections/pool/ByteArrayPool.java,ByteArrayPool,releaseByteArray,,,is,bytes,ByteArrayPool,cleanup,high,approved,Released byte-array payload [migrated:method_identifier_rewrites]
local,collections/pool/ByteArrayPool.java,ByteArrayPool,releaseByteArray,,,i_2_,bucketIndex,ByteArrayPool,cleanup,high,approved,Custom pool bucket index [migrated:method_identifier_rewrites]
local,collections/pool/ByteArrayPool.java,ByteArrayPool,acquireByteArray,,,i,length,ByteArrayPool,cleanup,high,approved,Requested byte-array length [migrated:method_identifier_rewrites]
local,collections/pool/ByteArrayPool.java,ByteArrayPool,acquireByteArray,,,i_10_,bucketIndex,ByteArrayPool,cleanup,high,approved,Custom pool bucket index [migrated:method_identifier_rewrites]
local,collections/pool/ByteArrayPool.java,ByteArrayPool,acquireByteArray,,,is,bytes,ByteArrayPool,cleanup,high,approved,Acquired byte-array payload [migrated:method_identifier_rewrites]
local,collections/hash/HashTable.java,HashTable,size,,,i_0_,entryCount,HashTable,cleanup,high,approved,Number of entries encountered while walking all buckets [migrated:method_identifier_rewrites]
local,collections/hash/HashTable.java,HashTable,size,,,i_1_,bucketIndex,HashTable,cleanup,high,approved,Bucket index during full-table traversal [migrated:method_identifier_rewrites]
local,collections/hash/HashTable.java,HashTable,size,,,nodeVar2,entryNode,HashTable,cleanup,high,approved,Current entry node in bucket chain traversal [migrated:method_identifier_rewrites]
local,collections/hash/HashTable.java,HashTable,copyNodesToArray,,,i_4_,writeIndex,HashTable,cleanup,high,approved,Output array write index while copying nodes [migrated:method_identifier_rewrites]
local,collections/hash/HashTable.java,HashTable,copyNodesToArray,,,i_5_,bucketIndex,HashTable,cleanup,high,approved,Bucket index during copy traversal [migrated:method_identifier_rewrites]
local,collections/hash/HashTable.java,HashTable,copyNodesToArray,,,nodeVar6,entryNode,HashTable,cleanup,high,approved,Current entry node copied from bucket chain [migrated:method_identifier_rewrites]
local,collections/hash/HashTable.java,HashTable,clear,,,i_8_,bucketIndex,HashTable,cleanup,high,approved,Bucket index during clear traversal [migrated:method_identifier_rewrites]
local,collections/hash/HashTable.java,HashTable,clear,,,nodeVar9,entryNode,HashTable,cleanup,high,approved,Current entry node being unlinked during clear [migrated:method_identifier_rewrites]
local,collections/hash/HashTable.java,HashTable,next,,,node,entryNode,HashTable,cleanup,high,approved,Current entry node yielded by iterator progression [migrated:method_identifier_rewrites]
local,collections/hash/HashTable.java,HashTable,nextWithKey,,,nodeVar3,foundNode,HashTable,cleanup,high,approved,Node matched by current searchKey in nextWithKey [migrated:method_identifier_rewrites]
local,collections/hash/HashTable.java,HashTable,get,,,nodeVar7,foundNode,HashTable,cleanup,high,approved,Node matched by key lookup in get [migrated:method_identifier_rewrites]
local,collections/hash/HashTableIterator.java,HashTableIterator,next,,,node,entryNode,HashTableIterator,cleanup,high,approved,Current entry node yielded by hash-table iterator [migrated:method_identifier_rewrites]
